{"score": [-21.0, -20.0, -21.0, -20.0, -21.0, -19.0, -21.0, -20.0, -20.0, -21.0, -19.0, -21.0, -20.0, -21.0, -20.0, -20.0, -18.0, -21.0, -21.0, -20.0, -19.0, -19.0, -21.0, -21.0, -21.0, -20.0, -21.0, -21.0, -21.0, -20.0, -21.0, -20.0, -21.0, -19.0, -21.0, -20.0, -19.0, -21.0, -21.0, -17.0, -21.0, -20.0, -20.0, -19.0, -21.0, -19.0, -21.0, -21.0, -21.0, -21.0, -21.0, -20.0, -21.0, -21.0, -21.0, -21.0, -21.0, -20.0, -20.0, -21.0, -18.0, -21.0, -21.0, -19.0, -18.0, -20.0, -19.0, -20.0, -17.0, -20.0, -20.0, -20.0, -20.0, -20.0, -20.0, -20.0, -21.0, -21.0, -20.0, -21.0, -21.0, -20.0, -21.0, -19.0, -19.0, -17.0, -21.0, -20.0, -20.0, -20.0, -21.0, -20.0, -15.0, -20.0, -21.0, -19.0, -21.0, -16.0, -19.0, -19.0, -21.0, -17.0, -20.0, -20.0, -16.0, -21.0, -18.0, -21.0, -19.0, -21.0, -16.0, -17.0, -15.0, -21.0, -19.0, -17.0, -19.0, -18.0, -17.0, -15.0, -17.0, -17.0, -16.0, -17.0, -15.0, -17.0, -15.0, -15.0, -16.0, -12.0, -15.0, -12.0, -17.0, -11.0, -12.0, -11.0, -14.0, -14.0, -16.0, -14.0, -15.0, -11.0, -16.0, -8.0, -9.0, -11.0, -11.0, -12.0, -11.0, -10.0, -10.0, -11.0, -11.0, -17.0, -13.0, -13.0, -9.0, -6.0, -7.0, -12.0, -2.0, -9.0, -9.0, -9.0, -5.0, -9.0, -7.0, -8.0, 9.0, 9.0, 15.0, -11.0, 11.0, 15.0, 10.0, 8.0, 1.0, -1.0, -4.0, 3.0, -8.0, 13.0, 12.0, -10.0, 12.0, 8.0, 2.0, 9.0, 6.0, 4.0, 4.0, 11.0, -5.0, -1.0, 16.0, 13.0, 16.0, 12.0, 11.0, 15.0, -7.0, 6.0, 8.0, 14.0, 17.0, 13.0, 20.0, 18.0, 18.0, 20.0, 15.0, 11.0, 8.0], "game": 213, "lossActor": [0.043601714074611664, 0.09166895598173141, 0.14117418229579926, 0.12019845098257065, 0.1112658753991127, 0.15036490559577942, 0.13922403752803802, 0.06916498392820358, 0.18580926954746246, 0.13689018785953522, 0.10923174023628235, 0.2888098955154419, 0.09174442291259766, 0.14732982218265533, 0.1286986917257309, 0.12533055245876312, 0.3141951858997345, 0.140567809343338, 0.047087837010622025, 0.09273065626621246, 0.14155249297618866, 0.1638094186782837, 0.18785227835178375, 0.03475124388933182, 0.07786551862955093, 0.13648007810115814, 0.10986239463090897, 0.06623701006174088, 0.08939945697784424, 0.15770402550697327, 0.07447674870491028, 0.09267900884151459, 0.15048520267009735, 0.14301063120365143, 0.10246402025222778, 0.08959983289241791, 0.11998280137777328, 0.18702298402786255, 0.05047580227255821, 0.25968867540359497, 0.14250436425209045, 0.026496758684515953, 0.12637361884117126, 0.16697359085083008, 0.08026599138975143, 0.1023271232843399, 0.11498959362506866, 0.03960466757416725, 0.11175265908241272, 0.10953421890735626, 0.06646621972322464, 0.0744478702545166, 0.1075756698846817, 0.0704936683177948, 0.07198701053857803, 0.08451015502214432, 0.05692081153392792, 0.11967647075653076, 0.1007959321141243, 0.08063672482967377, 0.11597578227519989, 0.16721424460411072, 0.056639090180397034, 0.15696047246456146, 0.22342480719089508, 0.12928424775600433, 0.15958188474178314, 0.09398379176855087, 0.21872077882289886, 0.110899418592453, 0.09869980812072754, 0.11962290853261948, 0.06933154910802841, 0.0923817828297615, 0.1136603057384491, 0.08312242478132248, 0.06054546684026718, 0.07769948244094849, 0.09658850729465485, 0.07255762070417404, 0.05207834765315056, 0.10043565183877945, 0.17120200395584106, 0.19669808447360992, 0.10691983252763748, 0.3618621230125427, 0.09196145832538605, 0.06115686148405075, 0.08813297748565674, 0.07778621464967728, 0.046850841492414474, 0.10725664347410202, 0.2815978527069092, 0.049902237951755524, 0.040793851017951965, 0.14454911649227142, 0.044839415699243546, 0.22217698395252228, 0.09853269159793854, 0.08379238843917847, 0.07179153710603714, 0.158437579870224, 0.11239401251077652, 0.05249997600913048, 0.20452556014060974, 0.10553457587957382, 0.18676187098026276, 0.11131617426872253, 0.12280439585447311, 0.06768537312746048, 0.19478663802146912, 0.23667585849761963, 0.22970956563949585, 0.07672742009162903, 0.12789727747440338, 0.1852388232946396, 0.1727456897497177, 0.1802901178598404, 0.20997391641139984, 0.18353182077407837, 0.23685432970523834, 0.2124801129102707, 0.2590669095516205, 0.18952958285808563, 0.1937788873910904, 0.22992806136608124, 0.204812690615654, 0.22939276695251465, 0.1999298483133316, 0.23063859343528748, 0.22459213435649872, 0.2456570565700531, 0.19628389179706573, 0.30147355794906616, 0.22775143384933472, 0.1791679412126541, 0.17576414346694946, 0.17732667922973633, 0.2118063122034073, 0.20478367805480957, 0.17767690122127533, 0.25020772218704224, 0.14093323051929474, 0.2703860402107239, 0.27749887108802795, 0.1842326670885086, 0.2727702856063843, 0.20276424288749695, 0.21284252405166626, 0.18187609314918518, 0.18486526608467102, 0.25030964612960815, 0.2334316372871399, 0.18775521218776703, 0.23751045763492584, 0.18495504558086395, 0.26965853571891785, 0.24159663915634155, 0.2538832724094391, 0.12027958780527115, 0.11168330907821655, 0.049909140914678574, 0.11276457458734512, 0.07341507077217102, 0.09774726629257202, 0.0712384358048439, 0.10537277162075043, 0.0977405458688736, 0.2223525494337082, 0.22230567038059235, 0.19812659919261932, 0.12583714723587036, 0.16087673604488373, 0.15197670459747314, 0.20430375635623932, 0.1876680850982666, 0.15639939904212952, 0.25394406914711, 0.2173762023448944, 0.23329921066761017, 0.16730989515781403, 0.299770712852478, 0.17621803283691406, 0.13229884207248688, 0.219376340508461, 0.17867788672447205, 0.17100301384925842, 0.27189040184020996, 0.1854299157857895, 0.13102085888385773, 0.23482415080070496, 0.26174846291542053, 0.09877046197652817, 0.11526507139205933, 0.10432388633489609, 0.24865677952766418, 0.09763128310441971, 0.14875394105911255, 0.21910077333450317, 0.1161697506904602, 0.10359274595975876, 0.09754467010498047, 0.08948154747486115, 0.10194419324398041, 0.045360829681158066, 0.03629859909415245, 0.06507541239261627, 0.09118682146072388, 0.1096913293004036, 0.12103923410177231, 0.0940801128745079, 0.16199903190135956, 0.18997907638549805],