{"score": [-21.0, -21.0, -21.0, -21.0, -21.0, -21.0, -21.0, -19.0, -19.0, -20.0, -20.0, -20.0, -20.0, -19.0, -20.0, -21.0, -21.0, -21.0, -18.0, -18.0, -21.0, -21.0, -21.0, -20.0, -20.0, -20.0, -19.0, -20.0, -21.0, -19.0, -21.0, -21.0, -19.0, -21.0, -21.0, -20.0, -19.0, -19.0, -21.0, -19.0, -20.0, -20.0, -18.0, -19.0, -16.0, -19.0, -19.0, -19.0, -18.0, -20.0, -19.0, -20.0, -20.0, -18.0, -20.0, -18.0, -15.0, -18.0, -21.0, -19.0, -21.0, -20.0, -19.0, -19.0, -18.0, -19.0, -18.0, -18.0, -21.0, -19.0, -18.0, -21.0, -15.0, -21.0, -17.0, -17.0, -18.0, -21.0, -21.0, -19.0, -21.0, -19.0, -18.0, -19.0, -19.0, -15.0, -18.0, -20.0, -20.0, -18.0, -21.0, -14.0, -21.0, -18.0, -18.0, -20.0, -21.0, -18.0, -17.0, -18.0, -21.0, -20.0, -20.0, -19.0, -20.0, -20.0, -19.0, -19.0, -18.0, -18.0, -20.0, -15.0, -18.0, -17.0, -21.0, -17.0, -20.0, -16.0, -18.0, -20.0, -19.0, -19.0, -18.0, -20.0, -16.0, -14.0, -17.0, -16.0, -19.0, -18.0, -20.0, -20.0, -20.0, -16.0, -20.0, -19.0, -19.0, -18.0, -16.0, -20.0, -19.0, -19.0, -15.0, -19.0, -18.0, -20.0, -17.0, -17.0, -19.0, -17.0, -15.0, -16.0, -19.0, -16.0, -19.0, -18.0, -18.0, -19.0, -15.0, -17.0, -18.0, -16.0, -17.0, -19.0, -17.0, -17.0, -17.0, -17.0, -19.0, -18.0, -16.0, -18.0, -17.0, -20.0, -20.0, -17.0, -19.0, -19.0, -18.0, -19.0, -17.0, -19.0, -19.0, -18.0, -17.0, -20.0], "game": 186, "lossActor": [0.0013353067493401124, 0.0006547796712213375, 0.0011824491960792391, 0.003507991622938954, 0.0029343353862932527, 0.004808677942532812, 0.002568323154253266, 0.003980787815370256, 0.004448776398660539, 0.0031138875041900175, -0.004228251982688735, -0.002290552585651398, 0.008724398021056647, -0.0017054775751512746, -1.2906887153581095e-06, 5.72199603854082e-05, 0.0033791167893913385, -0.005051931597384034, -0.00012041952500878414, 0.005619912382899595, -0.00018234520098339875, 0.0028940233863386207, -0.010564863158740544, 0.0007117073103618653, 0.0019920946461594547, 0.005379943595652845, 0.0022948509407619963, 0.00367169450740009, 0.005158666752107688, -0.003540080482730586, 0.002427480996608142, -0.0006097684406478226, 0.0026641184011831605, -0.004806580959880053, 0.0025934701911523453, -0.0012003371330802587, -6.227552718459511e-05, 0.0025272260092220195, 0.002728156962149303, 0.0006766140321288856, 0.001517363978401058, 0.001212923555899905, -0.0022482556962806675, -0.0026838662524094384, 0.0013872288652426084, -0.005908124163940505, 0.0045222344576843435, 0.002477287462322667, 0.0007803088714302118, 0.0033743860596091206, -0.0015443499498501237, 0.003867775312059123, 0.0003285226380251047, -0.0031397573642562176, -0.0006025366209946217, 0.003278901579841535, -0.0039750662732543855, -0.0037088190320948918, -0.0021601577313322827, 0.003385415702207207, 0.0006607064514556819, -0.0006074671539779899, 0.0026653881359863163, 0.0030588571366838087, -0.0023171225925400817, 0.0035899364921033318, 0.0036220868627322013, 0.0035738333202691625, 0.0032058252487962183, 0.00541703559348416, -0.00034154138006281423, -0.006604893611839397, 6.33285998412899e-05, -0.0011009375084609931, 0.0025801751143176756, -0.0036459754484232513, -0.0016997515854909684, 0.006818928160011174, -0.00050048358237283, -0.0014227345111750677, 0.0009270043691365956, -0.0008321554182084043, 0.005249250451092283, 0.001361071038697623, 0.008192454530762403, -0.0016419419572625271, -0.005841099974365476, -0.00045757665907229523, 0.0027485311005994717, 0.0004035800657642961, 0.004629996926880607, -0.001293164710131613, 0.0025556985696609906, 0.004161278725625005, -0.0012086853624345903, 0.002385279382019884, 0.0006461798158055995, 0.0004921581886731898, 0.0017204970905656289, -0.00234684960094947, -0.001931479825452151, 0.0010667732576579568, 0.0027596892744540654, 0.0038563198818425495, -0.0018376912276477772, -0.00569919908242964, 0.0035874892178297717, 0.005517909882641239, 0.004196477657919787, -0.0024360745611337266, 0.0015628032145847386, 0.004154407446530029, 0.0024525184049360885, 0.0011212268434362914, 0.0028386587390899056, -0.0004986731567108002, 0.004940709132277105, -0.002084968521430255, 0.002915808750840136, -0.004071752429330704, 0.0013442853310137513, -0.0004357153616431342, 0.0008960122636276857, 0.007315595701004959, 0.0008535370459072916, 0.00022374839781207415, -0.00040811600442546437, -0.00666967333681628, 0.0018201147749893358, 0.004215190335984176, -0.00149516349789224, 0.0032553027722186604, -0.0005465136947602279, 0.0016103576123048659, 0.003886670958264628, 0.005235095230144621, -0.00022849288610431282, 0.0011259131586598386, -0.0020666571781124818, -0.0013897963647885989, 0.007591707189533917, -0.001592322908870675, 0.0022567040939475663, 0.0002410334298170373, 0.0007447476345988297, 0.0013820247749724824, -0.008978459481033055, -0.0024582997320626923, 0.003597094219079456, 0.00044382727727911974, 0.003413792273448745, -0.0031181747024724097, 0.0009269180815307224, 0.0010174490241134102, -0.0014709789656584657, 0.002844085205013161, -0.004026903916649001, 0.0002870863234547674, -0.0043756304877697666, -0.0017355846790227043, 0.002637299469603181, -0.006253072602010649, -0.002362797231617554, -0.002934264857182623, 0.003103208110239426, 0.004912234115884819, 0.0009016515708831934, 0.005545403379220367, 0.0013506758253083464, -0.0018706298219942998, 0.004496733040311674, 0.008877229091701886, -0.0031875433779626127, 0.003130658278155365, 0.0029871079549113515, 0.0018492194932528618, 0.00465686312734916, 0.0017688436576670337, 0.0040324074183975735, 0.004598957085075456, -0.004216549164896373, 0.002406620553651101, 0.0007293763452043882, 0.003990070813150103, 0.0013975038943895425, 0.0026062818769351072],