{"score": [-20.0, -21.0, -21.0, -20.0, -20.0, -20.0, -19.0, -20.0, -21.0, -20.0, -21.0, -19.0, -21.0, -20.0, -20.0, -21.0, -20.0, -21.0, -21.0, -21.0, -19.0, -20.0, -21.0, -21.0, -20.0, -21.0, -21.0, -20.0, -20.0, -21.0, -21.0, -21.0, -20.0, -21.0, -21.0, -21.0, -20.0, -21.0, -21.0, -21.0, -21.0, -21.0, -21.0, -21.0, -21.0, -21.0, -21.0, -21.0, -20.0, -20.0, -20.0, -20.0, -21.0, -21.0, -21.0, -21.0, -19.0, -20.0, -21.0, -21.0, -21.0, -21.0, -20.0, -21.0, -21.0, -21.0, -21.0, -21.0, -21.0, -21.0, -21.0, -21.0, -21.0, -21.0, -21.0, -20.0, -21.0, -20.0, -21.0, -21.0], "game": 80, "lossActor": [0.8372301453048729, 0.8353220084885087, 0.8328576641689862, 0.8321125713781163, 0.8297515004956332, 0.8364874394817081, 0.8374638166274919, 0.8325138703540895, 0.8254674300228872, 0.8222325861728188, 0.8265185529530126, 0.8176462859209546, 0.830200918282892, 0.8313582833931612, 0.8186971283332211, 0.8284092028861404, 0.8364065647816102, 0.8264291512647517, 0.8254989832509103, 0.8179831111222556, 0.8263460221921601, 0.826717635819737, 0.8146709874443463, 0.8157273823592686, 0.8220638868715198, 0.8265519242187362, 0.8127130986573502, 0.808820154139624, 0.8253482208671408, 0.8299001773342505, 0.8367670079383498, 0.8239507108280335, 0.8428985066121851, 0.8233451034334989, 0.8330405349602217, 0.8338563862508599, 0.8391118449829906, 0.8072591009903907, 0.8262233302905292, 0.8274737601357725, 0.8298593991728124, 0.821567504294806, 0.8132772823852473, 0.8201857664849208, 0.8275637694876902, 0.8154427344033696, 0.8067311405667006, 0.8223546869234031, 0.8337417709646104, 0.8219262694841017, 0.8355300393378227, 0.8095955873284267, 0.81977060763947, 0.8151376411943821, 0.8242465750688452, 0.8249472244666475, 0.8165190090876433, 0.7966093815316523, 0.8220974707661531, 0.8057418200216395, 0.8139054436693711, 0.8049069827255917, 0.822430762908922, 0.8194354992490299, 0.8165412908063447, 0.819479913268364, 0.814233799726393, 0.7958854011512354, 0.816594810535739, 0.8274451619094667, 0.804998245201118, 0.8105837200135528, 0.8084261094510927, 0.8284104714201855, 0.8003055272082622, 0.8023830505037531, 0.8210079754682797, 0.8221885802454131, 0.8360737658838082, 0.8231068993008193], "lossCritic": [0.023955788724778097, 0.0006192658721639363, 0.0007619306124808476, 0.005389085077664191, 0.18001388334627622, 0.005986282737650122, 0.03163993002066898, 0.12584381959935528, 7.04067187373864e-05, 0.006206290335575744, 0.00015002267060307213, 0.06416271190805323, 6.960973324915019e-05, 0.0029791102867728074, 0.004742980920960183, 0.0005905161279770625, 0.02020249215611724, 0.00010244619520739098, 7.431033115120357e-05, 7.233814064937249e-05, 0.015085762629741376, 0.002983581990654018, 0.0007725964692335347, 0.00014395222381092035, 0.002742703485176941, 0.00021194996750031894, 7.178994993979282e-05, 0.00329193130775031, 0.003506862315192818, 7.259491584477823e-05, 0.0009139192722813366, 0.00010127665627860217, 0.0025390672805251013, 8.815614881566946e-05, 0.0002630522870447841, 0.0007236797183214996, 0.002760993198260853, 7.256612015295972e-05, 8.830396162625482e-05, 7.259544731116371e-05, 0.00018899072793120928, 0.00015292758528094992, 0.0004259945032482849, 0.00010772315080357636, 0.00019478690976617783, 0.00025427276331771757, 0.00015281725107834092, 7.224300230888768e-05, 0.0036119345025862667, 0.015333032496216863, 0.1371517676753402, 0.0032680274971845897, 0.0001289409344389327, 0.00011652751920522482, 7.433264221386822e-05, 0.00010244964984825745, 0.015369563753308637, 0.003289194155024297, 0.0006678534388300768, 0.0011532957174486803, 8.83075685190721e-05, 7.259758632177044e-05, 0.13798107123079315, 0.00029460998960771737, 0.0007171511105322805, 0.00031176307046327096, 0.0001372253406255622, 0.0001407059443826522, 0.00042598990693480996, 0.00011750029341921385, 0.0006854634704319539, 0.00020728821380166162, 7.259752969656819e-05, 7.25219397387348e-05, 0.00018262070034523432, 0.003864740493989113, 0.0003808143031293477, 0.003397278237180591, 0.00014343482856280892, 0.0009012492098093125], "elapse": [[11050, 5125], [10548, 4107], [9649, 4549], [11309, 4816], [11514, 5416], [11518, 4902], [11041, 4926], [9549, 3427], [10246, 7830], [11855, 7035], [12762, 7712], [17829, 12251], [10226, 7247], [11601, 8387], [14406, 7474], [13136, 8682], [12459, 7157], [9826, 5606], [9136, 4953], [9107, 4832], [13116, 7976], [10603, 6853], [11073, 4508], [9421, 3898], [9438, 4780], [10718, 12208], [10772, 5841], [11551, 7328], [10878, 6823], [10145, 6551], [12121, 6719], [14815, 9435], [12578, 9348], [11240, 8482], [11585, 9010], [11947, 9546], [11486, 7989], [10358, 5887], [10454, 6666], [10041, 5519], [11920, 4605], [10029, 4366], [9236, 3858], [9126, 3772], [9045, 3849], [10120, 4244], [10004, 4711], [8320, 3227], [10099, 4365], [10225, 5003], [9078, 3610], [10480, 4207], [9205, 3558], [8080, 3549], [8140, 3541], [8783, 3679], [10601, 4444], [9018, 3557], [8445, 3751], [9792, 4063], [8159, 3517], [7856, 3164], [9013, 3621], [10640, 4174], [9949, 4042], [9675, 4242], [8612, 3646], [8773, 3574], [8444, 3752], [8324, 3707], [10843, 4603], [9961, 3987], [7812, 3306], [7867, 3022], [9282, 3916], [9619, 4162], [9096, 3464], [9083, 3712], [9245, 3578], [9859, 4873]], "cycles": [1012, 964, 914, 1071, 1067, 1053, 1043, 891, 764, 958, 853, 1119, 782, 842, 1010, 1050, 1015, 812, 764, 764, 1140, 842, 1022, 882, 899, 880, 764, 870, 872, 764, 886, 792, 861, 792, 852, 824, 899, 764, 792, 764, 904, 909, 824, 877, 845, 880, 909, 764, 933, 962, 871, 995, 852, 783, 783, 830, 1025, 870, 824, 946, 792, 764, 842, 1001, 974, 911, 824, 825, 824, 792, 1034, 940, 764, 764, 900, 930, 886, 871, 880, 942]}