{"score": [-20.0, -21.0, -20.0, -20.0, -20.0, -20.0, -20.0, -21.0, -20.0, -20.0, -21.0, -19.0, -21.0, -20.0, -20.0, -20.0, -21.0, -21.0, -20.0, -20.0, -21.0, -21.0, -20.0, -20.0, -21.0, -21.0, -21.0, -20.0, -21.0, -20.0, -21.0, -18.0, -21.0, -18.0, -21.0, -21.0, -21.0, -20.0, -19.0, -21.0, -21.0, -21.0, -20.0, -21.0, -21.0, -21.0, -20.0, -18.0, -21.0, -21.0, -21.0, -21.0, -21.0, -19.0, -21.0, -21.0, -21.0, -21.0, -20.0, -21.0, -21.0, -20.0, -20.0, -20.0, -20.0, -20.0, -20.0, -21.0, -21.0, -21.0, -21.0, -20.0, -21.0, -21.0, -19.0, -21.0, -20.0, -20.0, -21.0, -21.0, -21.0, -20.0, -21.0, -21.0, -20.0, -21.0, -21.0], "game": 87, "lossActor": [0.004958497871667078, 0.00821865228811305, 0.00237991608950959, 0.005941307348993287, 0.0016589670017945323, 0.0053359169983816825, 0.0025765423256271626, 0.00671659404823007, 0.0055100861568895335, 0.0055874559754234745, 0.0038977288187027697, 0.0023321841498746415, 0.013775270108168486, 0.0025682702417940246, 0.0014759774423679468, 0.008521012334778767, 0.005755023519984052, 0.012892218178364107, 0.006949764133094221, 0.004493506061848607, 0.0095809385691205, 0.008230551802498487, 0.003346819708696094, 0.0035208639923012537, 0.007316159536403773, 0.005632595782074637, 0.006781001626652525, 0.002982782964690166, 0.008494668811592346, 0.00249974172270602, 0.004707140145953419, 0.0009951242903360245, 0.0035330342487407775, 0.001292192134548013, 0.004847783758304157, 0.007650723407858388, 0.006468265136304185, 0.006379205312927232, 0.0016282741059735096, 0.005976685542786703, 0.008190739291006343, 0.01219383479395861, 0.005317189688559383, 0.00990665170804309, 0.009704670935766975, 0.005651358394957891, 0.0019314437809212325, 0.0018210511316398101, 0.010926861292167963, 0.005345833536533541, 0.007563022098440979, 0.00913227767514651, 0.002036858252415387, 0.002416196329561282, 0.009308752943881548, 0.0023512372372856147, 0.0020420935490844507, 0.005482340082246029, 0.00269390113674584, 0.006997351628044894, 0.008796528799480825, 0.005694344784808125, 0.005643154011001008, 0.0011500827606856618, 0.0021562870482821368, 0.004326654756750875, 0.002393828558665299, 0.008308251359279312, 0.006427626137093716, 0.004355320697644049, 0.005884392839605635, 0.0057447470103873235, 0.003746499013281381, 0.00856363356984789, 0.0014194086418994477, 0.008547285878220874, 0.0023952643523344813, 0.006096249585283609, 0.009164357983788805, 0.006579204610187484, 0.006975497832642298, 0.0038864573650915922, 0.002895383613615387, 0.007202891766313114, 0.004676205825745827, 0.008285953729515155, 0.005631722504939343], "lossCritic": [1.523333171864364e-10, 1.526448992406352e-17, 4.933340610636608e-38, 3.2336950211351495e-23, -6.03884345449699e-23, 2.320042405410381e-13, 7.641137065348773e-14, -2.637447683004623e-27, -1.0584588769332612e-07, 0.003616935257766805, -2.039413095387048e-24, 676536312855.1469, -2.982817694658781e-42, 0.14312028774705732, -395789912197.00555, 0.06853380987779484, 2.5972703775130386e-22, 7.041145595397527e-43, 0.05306238581299666, 11.051300181454028, 3.346457843563116e-27, -4.482350709065383e-21, -0.04860296254866133, -641582.1346209298, 1.6122264622052228e-26, -4.548780852073193e-21, -9.97834868353633e-23, -1.7669382208369198, -2.5215693457181594e-27, -340.7799212856487, -1.1567266260182071e-22, 12417208751.265379, 7.346983038271664e-14, -4174988140197455.0, 3.328853140882631e-23, 6.063240822725072e-33, 3.757908648793197e-26, 125.16090371727815, -28410505556001.93, 6.461826630493481e-24, -8.5935365495725e-36, 1.209302110601464e-43, -1.0127989816081862, -4.5702670146138026e-43, 2.517810470439548e-37, -3.369805177852624e-21, -0.001823851447818388, -3102471571764857.0, -9.007731402172103e-37, -6.267620586558896e-24, 3.962508959962582e-23, -1.1601453635597502e-30, 5.225364134681279e-19, 4082944.6792648286, 3.252038440033199e-34, 6.352788180260697e-15, -4.046073907353308e-14, 2.6019728684852256e-23, -10566.557549377756, 9.09728402077716e-21, 1.5191444862242845e-35, -0.0018074303635949203, 0.2479558871069309, -28948.422258734492, -329448145.1447871, 66.7599001701859, 0.0004991625299892296, 4.410821034055217e-31, 1.1559562211781292e-25, -4.1446357638528064e-19, 3.3756218074266075e-25, 0.033712862578461254, 1.115583029393573e-22, -3.2215443344001243e-27, -1696076546895.3645, -1.5410610928343433e-36, -136.08773782558254, -0.004011729945920644, -2.20503209447617e-36, 8.532852965785839e-23, 3.583153583608908e-22, -64101378.69166217, -1.5703108742729315e-18, -9.677121887307864e-27, 1.6740777206819645e-06, -1.5550709878944013e-34, 6.09997697070854e-23], "elapse": [[10665, 15990], [10577, 13026], [12229, 14896], [9602, 15187], [13839, 16330], [11322, 12931], [11981, 18605], [10843, 18963], [11260, 19780], [11343, 19111], [12259, 20412], [13058, 20987], [9163, 14565], [12476, 20091], [13621, 22087], [9343, 12162], [10260, 11737], [8389, 10300], [9496, 12225], [10157, 14455], [9416, 11176], [9419, 11495], [10424, 12223], [10493, 11691], [8890, 14936], [11283, 12990], [9699, 11528], [10738, 12724], [8786, 10097], [10981, 13444], [9656, 10499], [12902, 15976], [10731, 12528], [11631, 14669], [9977, 11835], [9050, 10693], [8986, 10260], [9060, 14809], [12395, 15835], [9512, 10694], [8747, 11098], [8322, 9317], [9813, 11239], [8364, 10347], [8448, 10227], [9763, 11793], [11709, 14540], [11739, 14659], [8747, 9894], [9705, 12095], [10305, 13352], [9793, 12009], [12088, 16340], [11244, 12900], [8992, 10088], [10444, 12545], [11236, 13094], [9549, 11093], [10790, 11953], [8913, 10563], [8763, 9746], [9068, 11144], [8736, 10427], [12409, 14167], [10503, 13369], [10722, 14374], [11030, 40476], [11102, 16490], [10031, 11672], [10587, 16824], [11263, 11790], [9588, 31279], [13405, 22688], [11187, 20148], [13440, 23508], [9995, 17304], [12902, 22742], [10284, 17462], [10133, 16842], [10522, 17439], [10157, 18255], [11183, 18970], [11603, 21186], [10935, 19530], [10764, 15495], [9317, 10937], [9561, 13206]], "cycles": [938, 840, 1067, 899, 1145, 932, 1055, 886, 916, 903, 982, 1077, 764, 1041, 1130, 842, 884, 764, 870, 930, 824, 854, 977, 963, 843, 915, 882, 1004, 824, 1040, 918, 1199, 973, 1120, 940, 848, 854, 856, 1116, 866, 810, 764, 927, 783, 792, 912, 1076, 1075, 792, 884, 852, 826, 1032, 1022, 811, 1004, 1068, 884, 1023, 852, 792, 871, 842, 1166, 999, 919, 1011, 792, 852, 946, 852, 842, 914, 824, 1069, 792, 977, 838, 792, 843, 824, 900, 933, 824, 884, 783, 854]}