{"score": [-17.0, -12.0, -10.0, -17.0, -13.0, -11.0, -13.0, -14.0, -11.0, -19.0, -14.0, -14.0, -13.0, -13.0, -7.0, -18.0, -13.0, -15.0, -15.0, -16.0, -16.0, -14.0, -16.0, -15.0, -16.0, -16.0, -10.0, -16.0, -17.0, -13.0, -12.0, -10.0, -12.0, -12.0, -10.0, -15.0, -15.0, -13.0, -16.0, -16.0, -18.0, -15.0, -12.0, -5.0, -14.0, -11.0, -7.0, -9.0, -11.0, -17.0, -12.0, -15.0, -12.0, -16.0, -17.0, -12.0, -17.0, -17.0, -13.0, -15.0, -9.0, -14.0, -11.0, -10.0, -11.0, -8.0, -9.0, -14.0, -11.0, -17.0, -17.0, -13.0, -11.0, -11.0, -12.0, -15.0, -18.0, -15.0, -16.0, -12.0, -14.0, -11.0, -15.0, -13.0, -11.0, -13.0, -14.0, -14.0, -13.0, -15.0, -11.0, -12.0, -11.0, -14.0, -15.0, -16.0, -12.0, -13.0, -9.0, -9.0, -17.0, -19.0, -10.0, -14.0, -10.0, -4.0, 2.0, -10.0, -15.0, -11.0, -7.0, -12.0, -12.0, -17.0, -6.0, -13.0, -13.0, -15.0, -11.0, -9.0, -8.0, -13.0, -14.0, -6.0, -11.0, -13.0, -12.0, -3.0, -11.0, -13.0, -12.0, -11.0, -14.0, -3.0, -5.0, -15.0, -13.0, -16.0, -14.0, -15.0, -11.0, -16.0, -13.0, -9.0, -11.0, -12.0, -12.0, -11.0, -9.0, -16.0, -8.0, -17.0, -11.0, -16.0, -13.0, -13.0, -15.0, -14.0, -8.0, -16.0, -12.0, -6.0, -12.0, -14.0, -11.0, -8.0, -7.0, -10.0, -5.0, -14.0, -12.0, -12.0, -7.0, -13.0, -6.0, -13.0, -11.0, -13.0, -10.0, -13.0, -11.0, -13.0, -8.0, -12.0, -12.0, -14.0, -11.0, -13.0, -3.0, -15.0, -12.0, -9.0, -14.0, -12.0, -7.0, -11.0, -4.0, -7.0, -4.0, -13.0, -13.0, -6.0, -9.0, -10.0, -5.0, -9.0, -15.0, -12.0, -14.0, -13.0, -16.0, -16.0, -12.0, -10.0, -7.0, -14.0, -12.0, -16.0, -10.0, -9.0, -10.0, -9.0, 1.0, -9.0, -10.0, -11.0, -13.0, -8.0, 2.0, -12.0, -13.0, -9.0, -9.0, -8.0, -5.0, -6.0, -11.0, -7.0, -10.0, -5.0, -6.0, -5.0, -6.0, -9.0, -15.0, -6.0, -16.0, -5.0, -12.0, -8.0, -8.0, -11.0, -5.0, -8.0, -13.0, -6.0], "game": 256, "lossActor": [0.1544109433889389, -0.0689246878027916, -0.01711193285882473, 0.06885846704244614, -0.028104405850172043, 0.006316644139587879, 0.0007008794345892966, 0.009908115491271019, -0.02082451991736889, 0.0678163394331932, -0.03296878933906555, -0.006792088504880667, 0.02254573069512844, -0.009869596920907497, -0.006129992660135031, 0.04514360427856445, -0.030817560851573944, 0.01610983908176422, 0.056333448737859726, 0.0007443120703101158, -0.023562291637063026, 0.010805071331560612, -0.008726915344595909, -0.01295443344861269, 0.034351956099271774, 0.0013727579498663545, -0.05354325845837593, 0.03569008782505989, 0.008233374916017056, -0.023503920063376427, -0.0263761468231678, -0.004622514359652996, 0.01279893796890974, -0.024393923580646515, -0.020081816241145134, -0.010286133736371994, -0.013950026594102383, 0.011713417246937752, 0.02446421980857849, -0.021178385242819786, -0.012984581291675568, -4.196241206955165e-05, -0.017828145995736122, -0.003593387780711055, 0.02753448858857155, -0.015667123720049858, 0.01961187832057476, -0.017853936180472374, 0.009373633190989494, 0.009690930135548115, -0.03150777518749237, 0.009492809884250164, -0.03275372460484505, 0.004552592523396015, 0.0005684387288056314, -0.010964871384203434, -0.010759403929114342, -0.006504198536276817, -0.007720200344920158, 0.014958017505705357, -0.027232808992266655, 0.00779526075348258, -0.010877122171223164, -0.010892773047089577, 0.029495270922780037, -0.020595988258719444, -0.006762887351214886, 0.010050284676253796, -0.017612941563129425, 0.02841784805059433, -0.00014304521027952433, 0.0048998151905834675, -0.01738865301012993, -0.005059420596808195, 0.014324331656098366, -0.013130966573953629, 0.02403746359050274, -0.031071553006768227, -0.005436974111944437, 0.014656118117272854, -0.016254043206572533, -0.025034353137016296, 0.019044119864702225, 0.01596381515264511, -0.03198742866516113, 0.010066632181406021, -0.024029990658164024, -0.002433240180835128, -0.016161825507879257, -0.010139478370547295, -0.00427931547164917, 0.005391903221607208, 0.011600666679441929, 0.0007712645456194878, 0.009281589649617672, -0.0005159010761417449, -0.016096144914627075, -0.006227041129022837, -0.0019673104397952557, -0.027535587549209595, 0.021723870187997818, -0.0021468154154717922, -0.014081875793635845, -0.012519167736172676, -0.022272495552897453, -0.01821318082511425, -0.005661187693476677, 0.022865597158670425, 0.00048081562272273004, -0.005938582122325897, 0.003573761088773608, 0.009684022516012192, -0.008929184637963772, 0.01488265860825777, -0.049125660210847855, 0.010037608444690704, -0.0035116728395223618, 0.009218251332640648, -0.021958263590931892, 0.017919450998306274, -0.017596960067749023, 0.0110816340893507, -0.009469401091337204, -0.00786849856376648, 0.01023623812943697, 0.014230173081159592, 0.004015330225229263, -0.014055433683097363, -0.010728312656283379, 0.006018253043293953, 0.011865020729601383, -0.005785235203802586, -0.009387929923832417, -0.01553228311240673, -0.008940900675952435, 0.01944369077682495, -0.025510532781481743, 0.012022332288324833, -0.014553412795066833, -0.018040981143712997, -0.010648520663380623, 0.02415948174893856, -0.023437274619936943, -0.02114580199122429, 0.01197464857250452, -0.0005452217301353812, 0.010493331588804722, -0.01839120127260685, -0.01793963834643364, 0.019215671345591545, -0.036059387028217316, 0.03830711171030998, -0.018302708864212036, -0.0037244188133627176, -0.0012519457377493382, 0.011804241687059402, 0.014591270126402378, 0.0024034592788666487, 0.0015070245135575533, 0.0033616884611546993, -0.013307143934071064, 0.005514547228813171, 0.011023894883692265, -0.0028597386553883553, -0.02213839814066887, -0.018507301807403564, -0.0013740597059950233, -0.0016416284488514066, -0.013531696051359177, -0.0009211094584316015, 0.013277624733746052, -0.019004670903086662, -0.012454191222786903, 0.007905968464910984, -0.009876897558569908, 0.018832063302397728, -0.030888577923178673, -0.012960175052285194, -0.0020824009552598, -0.02934923954308033, 0.004486576654016972, -0.014652229845523834, -0.013075130060315132, 0.010815595276653767, -0.016338113695383072, 0.022778237238526344, -0.009233048185706139, -0.0032284052576869726, -0.04070086404681206, 0.02550487034022808, -0.007001921534538269, -6.007900447002612e-05, 0.01108773984014988, -0.022169064730405807, -0.012144259177148342, -0.026585189625620842, -0.008291496895253658, -0.014129921793937683, -0.010654596611857414, 0.01348180789500475, -0.006944292690604925, -0.015850413590669632, -0.0037154906895011663, -0.0048705278895795345, 0.004469160456210375, -0.007098420523107052, 0.014991381205618382, -0.021515928208827972, -0.0009152324055321515, -0.018896788358688354, 0.004244180396199226, 0.002403519582003355, -0.011698521673679352, -0.023652387782931328, 0.011414719745516777, -0.0013257578248158097, -0.0019483424257487059, 0.0036546827759593725, -0.032117631286382675, 0.006855896208435297, 0.004999883007258177, 0.014597631990909576, -0.022561179473996162, 0.013751708902418613, 0.0034244926646351814, -0.009441355243325233, -0.0019477796740829945, -0.009499704465270042, -0.022338608279824257, 0.020114442333579063, -0.014133659191429615, 0.0005167510826140642, -0.016710970550775528, -0.011661040596663952, 0.002709408290684223, -0.010299568995833397, -0.012705865316092968, -0.033979080617427826, 0.0026293834671378136, 0.00624436791986227, -0.02366628125309944, -0.01552168745547533, 0.0057265181094408035, 0.0035844517406076193, 0.01291339099407196, -0.022422539070248604, 0.006297075189650059, -0.027482351288199425, 0.010205761529505253, -0.021681491285562515, -0.003787347348406911, -0.013231665827333927, -0.020022213459014893, 0.0023669213987886906, 0.014570770785212517, -0.010706166736781597],