date_m,Day-ahead,Month-ahead,Quarter-ahead,Summer 24,Winter 24,Year-Ahead,2 Year-Ahead
2010-01-01,14.3,,,,,,
2010-01-04,16.25,13.7,,,,,
2010-01-05,14.15,13.96,,,,,
2010-01-06,14.65,13.8,,,,,
2010-01-07,16.18,13.82,,,,,
2010-01-08,14.48,13.17,,,,,
2010-01-11,16.7,13.28,,,,,
2010-01-12,14.02,12.78,,,,,
2010-01-13,13.35,12.51,,,,,
2010-01-14,13.45,12.77,,,,,
2010-01-15,12.95,12.5,,,,,
2010-01-18,12.65,12.65,,,,,
2010-01-19,13.35,13.04,,,,,
2010-01-20,13.52,13.18,,,,,
2010-01-21,13.35,13.06,,,,,
2010-01-22,13.5,13.23,,,,,
2010-01-25,14.9,13.89,,,,,
2010-01-26,15.4,14.54,,,,,
2010-01-27,15.88,15.0,,,,,
2010-01-28,15.82,15.16,,,,,
2010-01-29,16.6,,,,,,
2010-02-01,14.38,13.38,,,,,
2010-02-02,13.82,13.37,,,,,
2010-02-03,13.9,13.37,,,,,
2010-02-04,13.8,13.47,,,,,
2010-02-05,14.35,13.71,,,,,
2010-02-08,15.15,13.71,,,,,
2010-02-09,15.32,13.4,,,,,
2010-02-10,14.25,12.97,,,,,
2010-02-11,14.18,13.1,,,,,
2010-02-12,14.8,13.12,,,,,
2010-02-15,14.52,13.13,,,,,
2010-02-16,14.38,13.5,,,,,
2010-02-17,14.08,12.99,,,,,
2010-02-18,13.48,12.79,,,,,
2010-02-19,13.6,12.55,,,,,
2010-02-22,12.72,12.26,,,,,
2010-02-23,12.48,12.45,,,,,
2010-02-24,12.4,12.49,,,,,
2010-02-25,12.05,12.59,,,,,
2010-02-26,11.35,,,,,,
2010-03-01,12.0,12.16,,,,,
2010-03-02,12.15,11.95,,,,,
2010-03-03,12.7,11.8,,,,,
2010-03-04,12.1,11.42,,,,,
2010-03-05,12.5,11.32,,,,,
2010-03-08,12.5,11.34,,,,,
2010-03-09,12.6,11.26,,,,,
2010-03-10,13.0,11.37,,,,,
2010-03-11,12.8,11.31,,,,,
2010-03-12,12.9,11.28,,,,,
2010-03-15,12.85,11.45,,,,,
2010-03-16,12.12,11.34,,,,,
2010-03-17,11.1,11.21,,,,,
2010-03-18,10.7,11.07,,,,,
2010-03-19,11.1,11.07,,,,,
2010-03-22,11.15,11.22,,,,,
2010-03-23,11.3,11.45,,,,,
2010-03-24,11.25,11.46,,,,,
2010-03-25,11.0,11.51,,,,,
2010-03-26,11.75,11.86,,,,,
2010-03-29,11.75,11.8,,,,,
2010-03-30,12.25,12.04,,,,,
2010-03-31,12.75,,,,,,
2010-04-01,13.2,11.55,,,,,
2010-04-02,13.2,,,,,,
2010-04-05,13.2,,,,,,
2010-04-06,12.75,12.05,,,,,
2010-04-07,13.0,12.16,,,,,
2010-04-08,13.2,12.14,,,,,
2010-04-09,14.1,12.74,,,,,
2010-04-12,13.95,12.76,,,,,
2010-04-13,13.95,12.6,,,,,
2010-04-14,14.15,13.15,,,,,
2010-04-15,14.05,12.86,,,,,
2010-04-16,13.25,12.48,,,,,
2010-04-19,12.5,12.38,,,,,
2010-04-20,12.8,12.38,,,,,
2010-04-21,13.2,12.84,,,,,
2010-04-22,12.75,12.64,,,,,
2010-04-23,13.4,12.76,,,,,
2010-04-26,13.4,13.91,,,,,
2010-04-27,14.12,15.17,,,,,
2010-04-28,14.55,14.49,,,,,
2010-04-29,13.55,,,,,,
2010-04-30,15.38,,,,,,
2010-05-03,15.38,14.69,,,,,
2010-05-04,17.45,15.78,,,,,
2010-05-05,16.85,,,,,,
2010-05-06,17.68,16.36,,,,,
2010-05-07,18.25,16.92,,,,,
2010-05-10,18.15,16.42,,,,,
2010-05-11,17.75,16.07,,,,,
2010-05-12,17.0,15.87,,,,,
2010-05-13,16.55,,,,,,
2010-05-14,17.75,16.15,,,,,
2010-05-17,16.4,15.83,,,,,
2010-05-18,16.45,16.39,,,,,
2010-05-19,16.68,16.2,,,,,
2010-05-20,16.38,16.3,,,,,
2010-05-21,15.05,16.54,,,,,
2010-05-24,16.95,,,,,,
2010-05-25,16.55,16.7,,,,,
2010-05-26,16.62,16.84,,,,,
2010-05-27,15.75,16.32,,,,,
2010-05-28,16.05,16.36,,,,,
2010-05-31,16.05,,,,,,
2010-06-01,17.35,16.42,,,,,
2010-06-02,16.82,16.77,,,,,
2010-06-03,17.5,16.76,,,,,
2010-06-04,17.92,17.74,,,,,
2010-06-07,19.0,18.3,,,,,
2010-06-08,19.6,19.16,,,,,
2010-06-09,19.1,19.16,,,,,
2010-06-10,19.0,18.63,,,,,
2010-06-11,19.0,18.46,,,,,
2010-06-14,19.55,19.1,,,,,
2010-06-15,20.5,19.99,,,,,
2010-06-16,20.15,19.71,,,,,
2010-06-17,20.25,19.97,,,,,
2010-06-18,20.38,19.87,,,,,
2010-06-21,20.5,19.9,,,,,
2010-06-22,20.15,19.47,,,,,
2010-06-23,19.15,19.47,,,,,
2010-06-24,18.98,19.35,,,,,
2010-06-25,19.0,19.14,,,,,
2010-06-28,19.0,19.39,,,,,
2010-06-29,20.0,19.96,,,,,
2010-06-30,20.5,,,,,,
2010-07-01,20.45,20.78,,,,,
2010-07-02,21.55,20.75,,,,,
2010-07-05,21.2,21.36,,,,,
2010-07-06,21.7,21.34,,,,,
2010-07-07,21.2,20.89,,,,,
2010-07-08,21.32,21.22,,,,,
2010-07-09,21.18,21.28,,,,,
2010-07-12,21.54,21.02,,,,,
2010-07-13,21.4,20.88,,,,,
2010-07-14,20.52,20.14,,,,,
2010-07-15,19.75,19.91,,,,,
2010-07-16,19.27,19.37,,,,,
2010-07-19,19.8,19.06,,,,,
2010-07-20,18.25,18.13,,,,,
2010-07-21,17.48,17.24,,,,,
2010-07-22,17.8,17.9,,,,,
2010-07-23,18.5,18.12,,,,,
2010-07-26,17.86,17.73,,,,,
2010-07-27,16.95,17.39,,,,,
2010-07-28,17.5,17.6,,,,,
2010-07-29,17.6,18.26,,,,,
2010-07-30,17.6,,,,,,
2010-08-02,17.9,19.25,,,,,
2010-08-03,18.11,19.2,,,,,
2010-08-04,18.2,19.28,,,,,
2010-08-05,18.3,19.13,,,,,
2010-08-06,18.2,18.84,,,,,
2010-08-09,18.35,18.87,,,,,
2010-08-10,17.95,18.92,,,,,
2010-08-11,18.32,18.92,,,,,
2010-08-12,18.35,18.68,,,,,
2010-08-13,18.3,18.59,,,,,
2010-08-16,17.5,18.16,,,,,
2010-08-17,17.75,18.07,,,,,
2010-08-18,17.8,17.8,,,,,
2010-08-19,18.3,17.97,,,,,
2010-08-20,18.1,18.41,,,,,
2010-08-23,18.55,18.36,,,,,
2010-08-24,17.9,17.78,,,,,
2010-08-25,18.05,17.81,,,,,
2010-08-26,18.2,18.07,,,,,
2010-08-27,18.4,17.98,,,,,
2010-08-30,18.4,17.97,,,,,
2010-08-31,18.85,,,,,,
2010-09-01,18.85,18.76,,,,,
2010-09-02,18.5,18.89,,,,,
2010-09-03,19.4,19.23,,,,,
2010-09-06,18.45,18.69,,,,,
2010-09-07,18.7,18.76,,,,,
2010-09-08,19.1,19.01,,,,,
2010-09-09,19.0,19.2,,,,,
2010-09-10,19.62,18.92,,,,,
2010-09-13,19.4,19.1,,,,,
2010-09-14,19.09,18.96,,,,,
2010-09-15,18.9,18.95,,,,,
2010-09-16,18.9,18.79,,,,,
2010-09-17,19.7,18.73,,,,,
2010-09-20,18.9,18.53,,,,,
2010-09-21,19.25,18.34,,,,,
2010-09-22,18.5,18.47,,,,,
2010-09-23,18.75,18.68,,,,,
2010-09-24,18.75,18.94,,,,,
2010-09-27,18.7,18.78,,,,,
2010-09-28,18.9,19.32,,,,,
2010-09-29,19.35,19.31,,,,,
2010-09-30,17.8,,,,,,
2010-10-01,18.5,19.04,,,,,
2010-10-04,18.05,18.92,,,,,
2010-10-05,18.5,19.17,,,,,
2010-10-06,17.1,18.94,,,,,
2010-10-07,16.1,18.88,,,,,
2010-10-08,18.5,18.83,,,,,
2010-10-11,18.5,19.08,,,,,
2010-10-12,18.85,19.0,,,,,
2010-10-13,18.9,18.9,,,,,
2010-10-14,18.8,19.15,,,,,
2010-10-15,19.15,19.07,,,,,
2010-10-18,19.1,19.06,,,,,
2010-10-19,18.8,18.76,,,,,
2010-10-20,18.9,18.9,,,,,
2010-10-21,18.77,18.76,,,,,
2010-10-22,19.1,18.82,,,,,
2010-10-25,19.05,18.92,,,,,
2010-10-26,19.12,19.26,,,,,
2010-10-27,19.38,19.28,,,,,
2010-10-28,19.1,19.14,,,,,
2010-10-29,18.08,,,,,,
2010-11-01,17.65,18.91,,,,,
2010-11-02,17.65,18.96,,,,,
2010-11-03,17.92,19.14,,,,,
2010-11-04,17.7,19.01,,,,,
2010-11-05,18.2,18.93,,,,,
2010-11-08,18.4,18.65,,,,,
2010-11-09,18.25,18.66,,,,,
2010-11-10,18.25,18.8,,,,,
2010-11-11,18.05,18.93,,,,,
2010-11-12,18.35,19.14,,,,,
2010-11-15,19.6,19.69,,,,,
2010-11-16,19.52,19.6,,,,,
2010-11-17,19.45,19.67,,,,,
2010-11-18,19.5,19.76,,,,,
2010-11-19,19.5,19.84,,,,,
2010-11-22,21.3,21.06,,,,,
2010-11-23,20.95,20.73,,,,,
2010-11-24,21.32,21.11,,,,,
2010-11-25,21.2,20.82,,,,,
2010-11-26,21.3,21.02,,,,,
2010-11-29,22.59,21.9,,,,,
2010-11-30,23.6,,,,,,
2010-12-01,24.3,22.59,,,,,
2010-12-02,24.08,22.48,,,,,
2010-12-03,24.4,23.33,,,,,
2010-12-06,24.5,23.78,,,,,
2010-12-07,24.58,23.43,,,,,
2010-12-08,24.65,23.98,,,,,
2010-12-09,23.8,23.64,,,,,
2010-12-10,24.45,23.66,,,,,
2010-12-13,24.0,23.08,,,,,
2010-12-14,23.88,22.32,,,,,
2010-12-15,24.0,22.34,,,,,
2010-12-16,25.08,23.02,,,,,
2010-12-17,25.0,23.34,,,,,
2010-12-20,24.55,22.99,,,,,
2010-12-21,23.5,22.67,,,,,
2010-12-22,23.95,22.79,,,,,
2010-12-23,22.75,22.77,,,,,
2010-12-24,24.42,,,,,,
2010-12-27,24.42,22.82,,,,,
2010-12-28,24.42,22.82,,,,,
2010-12-29,24.1,24.03,,,,,
2010-12-30,24.22,,,,,,
2010-12-31,24.6,,,,,,
2011-01-03,24.6,23.92,,,,,
2011-01-04,23.1,22.82,,,,,
2011-01-05,22.8,22.52,,,,,
2011-01-06,22.9,22.77,,,,,
2011-01-07,23.0,22.72,,,,,
2011-01-10,22.65,22.41,,,,,
2011-01-11,22.5,22.61,,,,,
2011-01-12,22.6,22.98,,,,,
2011-01-13,22.1,22.68,,,,,
2011-01-14,21.55,22.33,,,,,
2011-01-17,22.1,22.47,,,,,
2011-01-18,22.65,22.52,,,,,
2011-01-19,22.65,22.55,,,,,
2011-01-20,22.8,22.52,,,,,
2011-01-21,21.85,22.16,,,,,
2011-01-24,21.75,21.94,,,,,
2011-01-25,21.55,21.48,,,,,
2011-01-26,22.15,21.73,,,,,
2011-01-27,21.75,21.5,,,,,
2011-01-28,21.8,21.23,,,,,
2011-01-31,21.35,,,,,,
2011-02-01,21.3,21.19,,,,,
2011-02-02,21.85,21.8,,,,,
2011-02-03,22.05,22.08,,,,,
2011-02-04,21.85,22.16,,,,,
2011-02-07,22.05,21.88,,,,,
2011-02-08,21.7,21.51,,,,,
2011-02-09,21.25,21.2,,,,,
2011-02-10,21.3,21.28,,,,,
2011-02-11,21.7,21.59,,,,,
2011-02-14,21.8,21.46,,,,,
2011-02-15,21.65,21.39,,,,,
2011-02-16,21.45,21.21,,,,,
2011-02-17,21.42,21.37,,,,,
2011-02-18,21.4,21.31,,,,,
2011-02-21,22.15,21.7,,,,,
2011-02-22,22.4,22.08,,,,,
2011-02-23,22.25,22.06,,,,,
2011-02-24,21.95,22.01,,,,,
2011-02-25,21.95,21.94,,,,,
2011-02-28,22.7,,,,,,
2011-03-01,22.5,22.31,,,,,
2011-03-02,23.1,22.7,,,,,
2011-03-03,22.95,22.63,,,,,
2011-03-04,23.32,23.01,,,,,
2011-03-07,23.55,23.65,,,,,
2011-03-08,23.2,23.22,,,,,
2011-03-09,23.38,23.39,,,,,
2011-03-10,22.9,23.19,,,,,
2011-03-11,23.48,23.81,,,,,
2011-03-14,24.45,25.28,,,,,
2011-03-15,25.15,25.74,,,,,
2011-03-16,25.7,25.93,,,,,
2011-03-17,24.75,25.15,,,,,
2011-03-18,24.3,24.52,,,,,
2011-03-21,23.78,24.14,,,,,
2011-03-22,24.15,24.67,,,,,
2011-03-23,23.92,24.89,,,,,
2011-03-24,24.0,24.95,,,,,
2011-03-25,24.0,24.62,,,,,
2011-03-28,24.35,24.82,,,,,
2011-03-29,22.27,24.33,,,,,
2011-03-30,22.35,23.91,,,,,
2011-03-31,23.9,,,,,,
2011-04-01,24.5,25.04,,,,,
2011-04-04,23.0,25.0,,,,,
2011-04-05,22.55,24.63,,,,,
2011-04-06,23.25,24.18,,,,,
2011-04-07,22.85,24.06,,,,,
2011-04-08,22.78,24.22,,,,,
2011-04-11,23.42,24.07,,,,,
2011-04-12,23.4,23.92,,,,,
2011-04-13,23.45,23.43,,,,,
2011-04-14,24.05,23.45,,,,,
2011-04-15,23.35,23.48,,,,,
2011-04-18,22.9,23.21,,,,,
2011-04-19,22.8,23.19,,,,,
2011-04-20,22.0,23.21,,,,,
2011-04-21,22.45,22.98,,,,,
2011-04-22,22.45,,,,,,
2011-04-25,22.45,,,,,,
2011-04-26,21.35,22.09,,,,,
2011-04-27,21.55,22.59,,,,,
2011-04-28,22.9,22.86,,,,,
2011-04-29,22.9,,,,,,
2011-05-02,22.9,23.4,,,,,
2011-05-03,22.0,22.51,,,,,
2011-05-04,22.6,22.3,,,,,
2011-05-05,22.02,22.12,,,,,
2011-05-06,22.7,22.39,,,,,
2011-05-09,22.8,22.8,,,,,
2011-05-10,23.25,23.35,,,,,
2011-05-11,23.5,23.59,,,,,
2011-05-12,23.3,23.35,,,,,
2011-05-13,23.45,23.1,,,,,
2011-05-16,23.2,23.17,,,,,
2011-05-17,23.25,23.21,,,,,
2011-05-18,22.98,23.2,,,,,
2011-05-19,22.95,23.24,,,,,
2011-05-20,23.15,23.39,,,,,
2011-05-23,22.6,23.38,,,,,
2011-05-24,22.95,23.31,,,,,
2011-05-25,22.95,23.41,,,,,
2011-05-26,22.95,23.37,,,,,
2011-05-27,23.2,23.59,,,,,
2011-05-30,23.2,23.67,,,,,
2011-05-31,23.25,,,,,,
2011-06-01,22.9,23.42,,,,,
2011-06-02,22.6,23.23,,,,,
2011-06-03,22.72,23.26,,,,,
2011-06-06,22.62,23.06,,,,,
2011-06-07,22.9,23.18,,,,,
2011-06-08,22.65,23.08,,,,,
2011-06-09,22.85,23.17,,,,,
2011-06-10,22.72,23.15,,,,,
2011-06-13,23.35,23.47,,,,,
2011-06-14,23.3,23.39,,,,,
2011-06-15,23.0,23.26,,,,,
2011-06-16,22.72,23.01,,,,,
2011-06-17,22.55,23.02,,,,,
2011-06-20,22.65,22.84,,,,,
2011-06-21,22.75,22.82,,,,,
2011-06-22,22.48,22.76,,,,,
2011-06-23,22.35,22.54,,,,,
2011-06-24,21.85,22.35,,,,,
2011-06-27,21.95,22.14,,,,,
2011-06-28,22.12,22.2,,,,,
2011-06-29,22.6,22.42,,,,,
2011-06-30,21.95,,,,,,
2011-07-01,21.3,22.35,,,,,
2011-07-04,21.25,22.39,,,,,
2011-07-05,21.3,22.48,,,,,
2011-07-06,21.7,22.44,,,,,
2011-07-07,21.9,22.67,,,,,
2011-07-08,21.65,22.61,,,,,
2011-07-11,21.45,22.32,,,,,
2011-07-12,21.45,22.42,,,,,
2011-07-13,22.0,22.45,,,,,
2011-07-14,21.6,22.33,,,,,
2011-07-15,22.1,22.4,,,,,
2011-07-18,21.82,22.51,,,,,
2011-07-19,21.6,22.44,,,,,
2011-07-20,21.88,22.51,,,,,
2011-07-21,21.6,22.45,,,,,
2011-07-22,21.8,22.32,,,,,
2011-07-25,21.55,22.19,,,,,
2011-07-26,21.15,21.97,,,,,
2011-07-27,21.3,21.84,,,,,
2011-07-28,21.0,21.89,,,,,
2011-07-29,20.9,,,,,,
2011-08-01,20.5,23.0,,,,,
2011-08-02,20.6,22.81,,,,,
2011-08-03,20.5,22.63,,,,,
2011-08-04,20.35,22.54,,,,,
2011-08-05,20.7,22.4,,,,,
2011-08-08,20.25,22.67,,,,,
2011-08-09,21.5,22.84,,,,,
2011-08-10,21.4,22.82,,,,,
2011-08-11,21.1,22.95,,,,,
2011-08-12,21.3,23.1,,,,,
2011-08-15,21.15,23.09,,,,,
2011-08-16,21.75,23.02,,,,,
2011-08-17,22.2,23.48,,,,,
2011-08-18,22.4,23.43,,,,,
2011-08-19,22.22,23.32,,,,,
2011-08-22,22.0,23.53,,,,,
2011-08-23,22.45,23.93,,,,,
2011-08-24,23.0,24.54,,,,,
2011-08-25,22.4,24.13,,,,,
2011-08-26,23.45,25.14,,,,,
2011-08-29,23.45,25.14,,,,,
2011-08-30,25.25,26.08,,,,,
2011-08-31,24.5,,,,,,
2011-09-01,24.8,27.53,,,,,
2011-09-02,24.1,27.0,,,,,
2011-09-05,24.5,27.12,,,,,
2011-09-06,25.05,27.35,,,,,
2011-09-07,25.3,27.48,,,,,
2011-09-08,25.7,27.86,,,,,
2011-09-09,25.38,27.6,,,,,
2011-09-12,25.2,27.32,,,,,
2011-09-13,24.9,26.98,,,,,
2011-09-14,25.0,26.77,,,,,
2011-09-15,24.52,26.85,,,,,
2011-09-16,25.2,26.59,,,,,
2011-09-19,24.0,26.57,,,,,
2011-09-20,24.35,26.64,,,,,
2011-09-21,22.4,26.42,,,,,
2011-09-22,21.9,26.14,,,,,
2011-09-23,21.55,26.16,,,,,
2011-09-26,21.25,25.53,,,,,
2011-09-27,22.2,25.83,,,,,
2011-09-28,21.62,26.03,,,,,
2011-09-29,19.05,25.97,,,,,
2011-09-30,16.0,,,,,,
2011-10-03,18.5,27.03,,,,,
2011-10-04,18.4,27.1,,,,,
2011-10-05,19.5,27.23,,,,,
2011-10-06,20.05,26.77,,,,,
2011-10-07,22.5,26.35,,,,,
2011-10-10,22.9,26.6,,,,,
2011-10-11,22.15,26.85,,,,,
2011-10-12,22.85,26.92,,,,,
2011-10-13,21.7,26.24,,,,,
2011-10-14,22.75,26.32,,,,,
2011-10-17,24.15,26.33,,,,,
2011-10-18,23.55,25.9,,,,,
2011-10-19,23.85,25.75,,,,,
2011-10-20,23.9,25.63,,,,,
2011-10-21,24.25,26.08,,,,,
2011-10-24,24.45,25.89,,,,,
2011-10-25,24.3,25.61,,,,,
2011-10-26,24.4,25.21,,,,,
2011-10-27,24.05,25.33,,,,,
2011-10-28,22.75,25.26,,,,,
2011-10-31,23.5,,,,,,
2011-11-01,23.65,25.8,,,,,
2011-11-02,21.85,25.5,,,,,
2011-11-03,23.0,25.66,,,,,
2011-11-04,23.22,25.72,,,,,
2011-11-07,24.35,26.4,,,,,
2011-11-08,24.0,26.03,,,,,
2011-11-09,23.98,25.58,,,,,
2011-11-10,23.85,25.5,,,,,
2011-11-11,23.35,25.15,,,,,
2011-11-14,24.3,25.02,,,,,
2011-11-15,24.5,25.03,,,,,
2011-11-16,24.35,25.15,,,,,
2011-11-17,24.0,24.87,,,,,
2011-11-18,24.0,24.66,,,,,
2011-11-21,24.7,24.67,,,,,
2011-11-22,24.55,24.61,,,,,
2011-11-23,24.05,24.44,,,,,
2011-11-24,24.25,24.24,,,,,
2011-11-25,24.0,24.12,,,,,
2011-11-28,23.6,23.87,,,,,
2011-11-29,23.25,23.67,,,,,
2011-11-30,22.7,,,,,,
2011-12-01,22.25,23.37,,,,,
2011-12-02,22.0,23.33,,,,,
2011-12-05,23.1,23.04,,,,,
2011-12-06,22.55,22.95,,,,,
2011-12-07,23.15,23.21,,,,,
2011-12-08,23.2,23.59,,,,,
2011-12-09,23.5,23.98,,,,,
2011-12-12,23.3,23.73,,,,,
2011-12-13,23.55,23.87,,,,,
2011-12-14,23.8,23.54,,,,,
2011-12-15,22.75,23.41,,,,,
2011-12-16,23.25,23.21,,,,,
2011-12-19,22.9,23.01,,,,,
2011-12-20,23.28,23.29,,,,,
2011-12-21,22.3,23.19,,,,,
2011-12-22,21.1,23.22,,,,,
2011-12-23,21.55,23.08,,,,,
2011-12-26,21.55,,,,,,
2011-12-27,21.55,23.08,,,,,
2011-12-28,20.9,22.64,,,,,
2011-12-29,20.5,22.29,,,,,
2011-12-30,21.0,,,,,,
2012-01-02,21.0,22.33,,,,,
2012-01-03,21.0,21.69,,,,,
2012-01-04,21.4,21.86,,,,,
2012-01-05,21.3,21.88,,,,,
2012-01-06,21.5,21.74,,,,,
2012-01-09,22.5,22.51,,,,,
2012-01-10,22.0,22.34,,,,,
2012-01-11,22.6,22.56,,,,,
2012-01-12,22.05,22.28,,,,,
2012-01-13,22.2,22.08,,,,,
2012-01-16,21.7,21.54,,,,25.24,25.58
2012-01-17,21.32,21.2,,,,25.19,25.57
2012-01-18,21.25,21.18,,,,25.24,25.7
2012-01-19,21.0,21.22,,,,25.34,25.8
2012-01-20,21.65,21.77,,,,25.44,25.89
2012-01-23,21.95,21.89,,,,25.62,26.08
2012-01-24,22.1,22.19,,,,25.91,26.34
2012-01-25,22.1,22.3,,,,25.99,26.42
2012-01-26,21.85,21.75,,,,25.65,26.17
2012-01-27,22.85,22.93,,,,26.52,26.84
2012-01-30,24.12,23.85,,,,26.59,26.94
2012-01-31,24.1,23.39,,,,26.49,26.87
2012-02-01,25.95,23.45,,,,26.78,27.16
2012-02-02,26.62,23.8,,,,26.79,27.15
2012-02-03,30.0,24.08,,,,26.92,27.18
2012-02-06,36.25,24.22,,,,27.0,27.25
2012-02-07,38.0,24.58,,,,27.22,27.37
2012-02-08,26.5,24.06,,,,26.94,27.08
2012-02-09,29.3,23.76,,,,26.88,26.99
2012-02-10,28.5,23.65,,,,26.78,26.9
2012-02-13,23.25,22.89,,,,26.4,26.73
2012-02-14,23.3,22.87,,,,26.38,26.64
2012-02-15,23.5,23.54,,,,26.69,26.92
2012-02-16,23.75,23.72,,,,26.85,27.01
2012-02-17,23.5,23.57,,,,26.78,26.85
2012-02-20,23.15,23.43,,,,26.79,26.92
2012-02-21,23.55,23.73,,,,26.98,27.05
2012-02-22,24.1,24.2,,,,27.2,27.17
2012-02-23,23.9,24.19,,,,27.15,27.17
2012-02-24,23.7,24.34,,,,27.4,27.32
2012-02-27,24.65,25.14,,,,27.8,27.78
2012-02-28,23.6,24.68,,,,27.5,27.48
2012-02-29,23.9,24.0,,,,27.08,27.1
2012-03-01,23.2,24.27,,,,27.22,27.21
2012-03-02,23.9,24.16,,,,27.42,27.45
2012-03-05,23.9,23.8,,,,27.24,27.25
2012-03-06,23.5,23.66,,,,26.98,27.05
2012-03-07,23.75,23.91,,,,27.0,27.15
2012-03-08,24.38,24.6,,,,27.64,27.66
2012-03-09,24.28,24.77,,,,27.71,27.72
2012-03-12,23.1,24.31,,,,27.52,27.5
2012-03-13,24.3,24.51,,,,27.79,27.71
2012-03-14,24.5,25.0,,,,27.89,27.88
2012-03-15,23.9,24.68,,,,27.68,27.72
2012-03-16,24.6,24.9,,,,27.9,27.85
2012-03-19,25.1,25.38,,,,28.05,27.84
2012-03-20,24.85,25.31,,,,27.85,27.7
2012-03-21,24.4,24.93,,,,27.61,27.59
2012-03-22,23.45,24.43,,,,27.29,27.25
2012-03-23,21.45,24.19,,,,27.34,27.28
2012-03-26,22.55,24.3,,,,27.45,27.4
2012-03-27,23.2,24.51,,,,27.58,27.48
2012-03-28,23.25,24.91,,,,27.5,27.35
2012-03-29,23.55,24.96,,,,27.46,27.25
2012-03-30,24.9,25.15,,,,27.67,27.54
2012-04-02,25.2,24.79,,,,27.59,27.45
2012-04-03,24.75,24.66,,,,27.39,27.25
2012-04-04,24.7,24.56,,,,27.3,27.19
2012-04-05,24.62,24.56,,,,27.38,27.26
2012-04-06,24.62,,,,,,
2012-04-09,24.62,,,,,,
2012-04-10,24.48,24.44,,,,26.99,26.92
2012-04-11,24.92,24.63,,,,27.19,27.02
2012-04-12,25.2,24.95,,,,27.29,27.18
2012-04-13,25.45,25.02,,,,27.24,27.14
2012-04-16,25.12,24.53,,,,26.8,26.81
2012-04-17,25.0,24.53,,,,26.74,26.72
2012-04-18,24.55,24.4,,,,26.64,26.63
2012-04-19,25.0,24.47,,,,26.79,26.82
2012-04-20,24.8,24.63,,,,26.88,26.91
2012-04-23,24.88,24.39,,,,26.7,26.76
2012-04-24,24.32,24.14,,,,26.6,26.65
2012-04-25,24.3,24.02,,,,26.45,26.49
2012-04-26,24.35,24.07,,,,26.75,26.8
2012-04-27,24.55,24.33,,,,26.83,26.88
2012-04-30,25.05,25.05,,,,27.15,27.15
2012-05-01,25.75,25.3,,,,27.25,27.24
2012-05-02,25.15,24.98,,,,26.99,26.95
2012-05-03,25.15,24.71,,,,26.76,26.65
2012-05-04,25.0,24.83,,,,26.55,26.41
2012-05-07,25.0,24.83,,,,,
2012-05-08,24.6,24.49,,,,26.45,26.29
2012-05-09,24.75,24.91,,,,26.7,26.46
2012-05-10,24.6,24.8,,,,26.7,26.49
2012-05-11,24.95,24.62,,,,26.49,26.35
2012-05-14,25.1,24.49,,,,26.35,26.21
2012-05-15,24.65,24.4,,,,26.24,26.09
2012-05-16,24.65,24.24,,,,26.1,25.97
2012-05-17,24.55,23.8,,,,25.79,25.69
2012-05-18,23.75,23.56,,,,25.61,25.56
2012-05-21,23.1,23.42,,,,25.68,25.66
2012-05-22,22.96,23.55,,,,26.0,25.95
2012-05-23,23.18,23.33,,,,25.7,25.67
2012-05-24,23.4,23.44,,,,25.88,25.87
2012-05-25,23.01,23.43,,,,25.92,25.94
2012-05-28,23.35,24.04,,,,26.5,26.48
2012-05-29,23.98,24.03,,,,26.39,26.38
2012-05-30,23.38,23.48,,,,25.88,25.85
2012-05-31,23.0,23.33,,,,25.76,25.76
2012-06-01,23.7,23.53,,,,25.65,25.62
2012-06-04,23.7,23.54,,,,,
2012-06-05,23.7,23.54,,,,,
2012-06-06,23.8,23.75,,,,25.74,25.76
2012-06-07,23.65,23.72,,,,25.71,25.7
2012-06-08,23.65,23.66,,,,25.61,25.61
2012-06-11,23.95,23.68,,,,25.62,25.61
2012-06-12,24.05,23.64,,,,25.55,25.5
2012-06-13,24.0,23.5,,,,25.45,25.4
2012-06-14,23.95,23.39,,,,25.28,25.29
2012-06-15,23.6,23.56,,,,25.51,25.5
2012-06-18,23.8,23.4,,,,25.35,25.35
2012-06-19,23.5,23.27,,,,25.21,25.2
2012-06-20,23.7,23.32,,,,25.22,25.23
2012-06-21,23.78,23.4,,,,25.06,25.1
2012-06-22,23.8,23.54,,,,25.24,25.24
2012-06-25,24.1,23.48,,,,25.14,25.19
2012-06-26,23.95,23.69,,,,25.26,25.35
2012-06-27,24.01,23.97,,,,25.45,25.51
2012-06-28,23.9,23.76,,,,25.25,25.36
2012-06-29,24.0,23.98,,,,25.6,25.68
2012-07-02,24.3,24.12,,,,25.7,25.75
2012-07-03,24.7,24.57,,,,26.14,26.19
2012-07-04,24.9,24.54,,,,26.04,26.1
2012-07-05,25.25,25.0,,,,26.26,26.32
2012-07-06,25.2,24.76,,,,26.1,26.21
2012-07-09,25.85,25.19,,,,26.31,26.38
2012-07-10,24.95,24.44,,,,25.92,26.04
2012-07-11,24.55,24.19,,,,25.96,26.12
2012-07-12,24.6,24.22,,,,25.95,26.14
2012-07-13,24.62,24.34,,,,26.05,26.3
2012-07-16,24.6,24.24,,,,26.15,26.45
2012-07-17,24.2,24.14,,,,26.08,26.51
2012-07-18,24.05,23.96,,,,26.12,26.62
2012-07-19,23.9,23.88,,,,26.3,26.89
2012-07-20,24.08,24.12,,,,26.4,26.86
2012-07-23,23.68,23.85,,,,26.04,26.51
2012-07-24,23.9,23.95,,,,26.06,26.55
2012-07-25,23.85,23.96,,,,26.0,26.45
2012-07-26,24.1,24.09,,,,26.19,26.62
2012-07-27,23.75,23.98,,,,26.33,26.8
2012-07-30,23.85,24.01,,,,26.48,27.01
2012-07-31,23.78,23.75,,,,26.53,27.08
2012-08-01,23.6,24.67,,,,26.55,27.05
2012-08-02,23.0,24.38,,,,26.48,27.06
2012-08-03,22.9,24.28,,,,26.49,27.15
2012-08-06,22.9,24.16,,,,26.39,27.09
2012-08-07,23.5,24.47,,,,26.69,27.3
2012-08-08,23.9,24.86,,,,27.05,27.69
2012-08-09,23.85,25.13,,,,27.21,27.84
2012-08-10,23.9,25.17,,,,27.29,27.85
2012-08-13,24.75,25.29,,,,27.55,28.06
2012-08-14,24.58,25.32,,,,27.62,28.14
2012-08-15,24.1,25.03,,,,27.51,28.05
2012-08-16,22.95,24.88,,,,27.56,28.06
2012-08-17,24.0,25.12,,,,27.62,28.15
2012-08-20,24.6,25.4,,,,27.8,28.25
2012-08-21,24.5,25.45,,,,27.75,28.2
2012-08-22,24.68,25.44,,,,27.69,28.11
2012-08-23,24.65,25.28,,,,27.59,28.02
2012-08-24,24.3,25.26,,,,27.52,27.91
2012-08-27,24.3,25.26,,,,,
2012-08-28,24.65,24.99,,,,27.2,27.61
2012-08-29,24.82,25.01,,,,27.08,27.55
2012-08-30,24.82,25.14,,,,27.2,27.65
2012-08-31,24.7,25.01,,,,27.33,27.76
2012-09-03,26.1,26.98,,,,27.68,28.05
2012-09-04,25.58,26.67,,,,27.56,27.93
2012-09-05,25.78,26.64,,,,27.5,27.84
2012-09-06,25.68,26.72,,,,27.5,27.85
2012-09-07,25.6,26.48,,,,27.38,27.71
2012-09-10,25.6,26.22,,,,27.22,27.58
2012-09-11,25.85,26.02,,,,27.09,27.49
2012-09-12,25.62,26.09,,,,27.15,27.56
2012-09-13,26.0,26.25,,,,27.21,27.66
2012-09-14,26.15,26.22,,,,27.22,27.61
2012-09-17,25.95,26.07,,,,26.99,27.38
2012-09-18,25.8,25.94,,,,26.94,27.34
2012-09-19,25.55,25.78,,,,26.7,27.07
2012-09-20,26.05,26.04,,,,26.81,27.08
2012-09-21,25.7,26.21,,,,26.77,27.16
2012-09-24,25.68,25.87,,,,26.56,26.96
2012-09-25,25.65,26.05,,,,26.78,27.15
2012-09-26,25.86,25.95,,,,26.68,27.04
2012-09-27,25.5,25.96,,,,26.78,27.26
2012-09-28,25.8,25.69,,,,26.83,27.42
2012-10-01,25.85,26.62,,,,26.75,27.39
2012-10-02,25.74,26.54,,,,26.72,27.42
2012-10-03,26.1,26.58,,,,26.59,27.17
2012-10-04,25.55,26.59,,,,26.58,27.21
2012-10-05,26.1,26.88,,,,26.82,27.38
2012-10-08,26.75,27.05,,,,26.82,27.39
2012-10-09,26.65,26.88,,,,26.69,27.36
2012-10-10,26.95,26.93,,,,26.78,27.39
2012-10-11,26.35,26.7,,,,26.71,27.36
2012-10-12,26.5,26.65,,,,26.69,27.33
2012-10-15,26.3,26.49,,,,26.64,27.33
2012-10-16,26.25,26.68,,,,26.8,27.5
2012-10-17,26.2,26.78,,,,26.85,27.45
2012-10-18,26.14,26.89,,,,27.02,27.52
2012-10-19,26.55,27.48,,,,27.29,27.72
2012-10-22,27.45,27.89,,,,27.44,27.71
2012-10-23,27.65,27.85,,,,27.29,27.51
2012-10-24,27.3,27.58,,,,27.08,27.37
2012-10-25,27.15,27.38,,,,27.12,27.51
2012-10-26,27.9,27.96,,,,27.38,27.71
2012-10-29,27.95,27.78,,,,27.32,27.67
2012-10-30,27.45,27.66,,,,27.2,27.56
2012-10-31,27.0,27.12,,,,27.11,27.56
2012-11-01,26.6,27.35,,,,27.02,27.46
2012-11-02,27.15,27.25,,,,26.92,27.42
2012-11-05,26.65,27.03,,,,26.85,27.41
2012-11-06,27.15,27.34,,,,27.25,27.83
2012-11-07,27.15,27.26,,,,27.18,27.69
2012-11-08,26.88,27.22,,,,27.2,27.78
2012-11-09,27.1,27.28,,,,27.29,27.81
2012-11-12,27.06,27.4,,,,27.38,27.9
2012-11-13,27.25,27.42,,,,27.3,27.81
2012-11-14,27.05,27.3,,,,27.22,27.68
2012-11-15,27.35,27.59,,,,27.35,27.71
2012-11-16,27.35,27.74,,,,27.42,27.7
2012-11-19,27.42,27.72,,,,27.44,27.74
2012-11-20,27.55,27.63,,,,27.35,27.63
2012-11-21,27.15,27.76,,,,27.45,27.67
2012-11-22,27.55,27.72,,,,27.35,27.63
2012-11-23,27.65,27.81,,,,27.4,27.61
2012-11-26,27.52,27.51,,,,27.22,27.58
2012-11-27,27.65,27.58,,,,27.32,27.66
2012-11-28,27.6,27.55,,,,27.19,27.54
2012-11-29,27.49,27.43,,,,27.18,27.51
2012-11-30,27.52,27.4,,,,27.19,27.54
2012-12-03,27.95,28.02,,,,27.44,27.71
2012-12-04,28.1,28.14,,,,27.54,27.74
2012-12-05,28.65,28.47,,,,27.68,27.79
2012-12-06,28.2,28.21,,,,27.48,27.66
2012-12-07,28.16,28.14,,,,27.46,27.72
2012-12-10,27.95,27.77,,,,27.31,27.63
2012-12-11,27.72,27.5,,,,27.18,27.54
2012-12-12,27.7,27.55,,,,27.22,27.56
2012-12-13,27.4,27.45,,,,27.11,27.45
2012-12-14,27.45,27.53,,,,27.22,27.56
2012-12-17,27.08,27.4,,,,27.12,27.51
2012-12-18,27.45,27.45,,,,27.15,27.53
2012-12-19,27.0,27.47,,,,27.09,27.44
2012-12-20,26.9,27.34,,,,27.1,27.44
2012-12-21,26.85,27.24,,,,26.96,27.35
2012-12-24,26.22,26.54,,,,26.56,27.15
2012-12-25,26.22,,,,,,
2012-12-26,26.22,,,,,,
2012-12-27,26.12,26.53,,,,26.4,26.91
2012-12-28,25.95,26.44,,,,26.35,26.9
2012-12-31,25.95,26.21,,,,26.34,26.9
2013-01-01,25.95,,,,,,
2013-01-02,25.88,26.61,,,,27.28,26.96
2013-01-03,26.4,27.06,,,,27.54,27.25
2013-01-04,26.5,27.21,,,,27.5,27.19
2013-01-07,26.95,27.65,,,,27.59,27.26
2013-01-08,27.32,27.45,,,,27.54,27.2
2013-01-09,27.25,27.68,,,,27.56,27.24
2013-01-10,27.05,27.17,,,,27.42,27.11
2013-01-11,27.0,27.06,,,,27.2,26.9
2013-01-14,27.1,26.76,,,,26.87,26.58
2013-01-15,27.25,26.65,,,,26.95,26.6
2013-01-16,27.4,26.92,,,,26.86,26.55
2013-01-17,27.25,27.04,,,,26.87,26.58
2013-01-18,26.48,26.54,,,,26.72,26.45
2013-01-21,26.3,26.03,,,,26.67,26.35
2013-01-22,27.0,26.37,,,,26.94,26.63
2013-01-23,27.18,26.24,,,,26.79,26.48
2013-01-24,25.98,25.84,,,,26.6,26.31
2013-01-25,26.12,25.8,,,,26.64,26.36
2013-01-28,25.95,26.06,,,,26.62,26.36
2013-01-29,25.7,25.75,,,,26.5,26.29
2013-01-30,25.35,25.65,,,,26.45,26.24
2013-01-31,25.5,25.6,,,,26.39,26.17
2013-02-01,25.65,25.78,,,,26.51,26.3
2013-02-04,25.9,25.96,,,,26.58,26.33
2013-02-05,25.98,25.9,,,,26.46,26.26
2013-02-06,25.95,25.6,,,,26.41,26.19
2013-02-07,26.15,25.85,,,,26.61,26.38
2013-02-08,26.3,26.02,,,,26.91,26.67
2013-02-11,26.15,25.65,,,,26.66,26.42
2013-02-12,26.7,25.73,,,,26.55,26.35
2013-02-13,26.2,25.67,,,,26.52,26.31
2013-02-14,26.4,25.87,,,,26.62,26.39
2013-02-15,26.15,25.64,,,,26.41,26.22
2013-02-18,25.9,25.58,,,,26.37,26.17
2013-02-19,25.95,25.41,,,,26.3,26.09
2013-02-20,25.6,25.32,,,,26.21,25.99
2013-02-21,26.65,25.59,,,,26.41,26.15
2013-02-22,26.92,25.78,,,,26.58,26.31
2013-02-25,28.0,25.67,,,,26.51,26.2
2013-02-26,26.65,25.79,,,,26.64,26.34
2013-02-27,26.9,25.93,,,,26.68,26.34
2013-02-28,26.64,26.37,,,,26.81,26.48
2013-03-01,26.85,26.07,,,,26.7,26.36
2013-03-04,27.8,26.36,,,,26.74,26.39
2013-03-05,27.0,26.48,,,,26.79,26.45
2013-03-06,27.18,26.4,,,,26.69,26.34
2013-03-07,27.2,26.38,,,,26.6,26.21
2013-03-08,27.5,26.34,,,,26.65,26.3
2013-03-11,32.5,26.46,,,,26.64,26.26
2013-03-12,36.2,26.46,,,,26.58,26.2
2013-03-13,32.9,26.4,,,,26.58,26.24
2013-03-14,29.65,26.28,,,,26.58,26.23
2013-03-15,28.0,26.17,,,,26.54,26.19
2013-03-18,30.15,26.38,,,,26.61,26.25
2013-03-19,32.0,26.67,,,,26.82,26.42
2013-03-20,34.85,26.87,,,,26.81,26.42
2013-03-21,32.5,26.96,,,,26.84,26.44
2013-03-22,35.52,27.12,,,,26.8,26.36
2013-03-25,41.02,28.34,,,,27.05,26.58
2013-03-26,38.05,28.53,,,,27.0,26.54
2013-03-27,36.22,28.34,,,,26.95,26.42
2013-03-28,36.0,29.35,,,,27.12,26.55
2013-03-29,36.0,,,,,,
2013-04-01,36.0,,,,,,
2013-04-02,31.45,26.94,,,,26.95,26.4
2013-04-03,33.5,27.26,,,,27.08,26.5
2013-04-04,32.9,27.33,,,,26.98,26.42
2013-04-05,32.0,27.28,,,,26.85,26.18
2013-04-08,29.1,26.95,,,,26.68,26.09
2013-04-09,28.98,27.06,,,,26.66,26.09
2013-04-10,27.75,27.07,,,,26.65,26.06
2013-04-11,27.8,27.22,,,,26.68,26.05
2013-04-12,27.35,27.21,,,,26.46,25.86
2013-04-15,26.7,27.19,,,,26.34,25.7
2013-04-16,27.1,27.13,,,,26.26,25.61
2013-04-17,26.8,26.77,,,,26.24,25.55
2013-04-18,26.72,26.66,,,,26.24,25.59
2013-04-19,26.8,26.59,,,,26.29,25.62
2013-04-22,26.55,26.32,,,,26.26,25.63
2013-04-23,26.62,26.37,,,,26.28,25.63
2013-04-24,26.65,26.52,,,,26.32,25.71
2013-04-25,26.64,26.61,,,,26.52,25.87
2013-04-26,26.6,26.41,,,,26.4,25.88
2013-04-29,26.75,26.44,,,,26.42,25.9
2013-04-30,26.65,26.28,,,,26.33,25.78
2013-05-01,26.75,26.28,,,,26.15,25.64
2013-05-02,26.45,26.26,,,,26.2,25.69
2013-05-03,26.38,26.39,,,,26.42,25.84
2013-05-06,26.38,26.42,,,,,
2013-05-07,26.4,26.61,,,,26.48,25.94
2013-05-08,26.25,26.38,,,,26.37,25.86
2013-05-09,26.25,26.38,,,,26.35,25.85
2013-05-10,26.08,26.15,,,,26.26,25.81
2013-05-13,26.28,26.17,,,,26.25,25.82
2013-05-14,26.4,26.26,,,,26.29,25.84
2013-05-15,26.4,26.35,,,,26.37,25.89
2013-05-16,26.7,26.49,,,,26.51,26.02
2013-05-17,26.55,26.55,,,,26.54,26.05
2013-05-20,27.1,26.83,,,,26.69,26.15
2013-05-21,27.15,26.84,,,,26.62,26.12
2013-05-22,27.5,26.7,,,,26.5,26.03
2013-05-23,27.3,26.72,,,,26.35,25.82
2013-05-24,27.58,26.57,,,,26.27,25.8
2013-05-27,27.58,26.43,,,,,
2013-05-28,26.95,26.44,,,,26.46,25.94
2013-05-29,27.15,26.52,,,,26.4,25.89
2013-05-30,26.5,26.48,,,,26.34,25.84
2013-05-31,27.12,26.59,,,,26.41,25.87
2013-06-03,26.76,26.15,,,,26.32,25.85
2013-06-04,26.45,26.07,,,,26.29,25.81
2013-06-05,26.38,26.12,,,,26.38,25.9
2013-06-06,26.08,25.95,,,,26.3,25.84
2013-06-07,26.22,25.89,,,,26.29,25.87
2013-06-10,26.0,25.88,,,,26.28,25.88
2013-06-11,26.21,25.85,,,,26.22,25.84
2013-06-12,26.28,26.03,,,,26.36,25.94
2013-06-13,26.3,26.07,,,,26.38,25.99
2013-06-14,26.45,26.33,,,,26.75,26.22
2013-06-17,26.15,26.29,,,,26.85,26.36
2013-06-18,26.32,25.9,,,,26.55,26.1
2013-06-19,26.42,26.0,,,,26.66,26.2
2013-06-20,26.35,25.92,,,,26.5,26.02
2013-06-21,26.41,25.84,,,,26.32,25.88
2013-06-24,26.0,25.81,,,,26.3,25.84
2013-06-25,26.18,25.98,,,,26.44,25.98
2013-06-26,26.2,25.97,,,,26.41,25.95
2013-06-27,25.92,25.92,,,,26.39,25.9
2013-06-28,26.0,25.78,,,,26.4,25.89
2013-07-01,26.3,26.24,,,,26.48,25.94
2013-07-02,26.1,26.22,,,,26.44,25.9
2013-07-03,26.39,26.37,,,,26.6,26.02
2013-07-04,26.2,26.2,,,,26.48,25.92
2013-07-05,26.15,26.14,,,,26.52,25.92
2013-07-08,26.05,26.14,,,,26.52,25.92
2013-07-09,26.3,26.2,,,,26.5,25.88
2013-07-10,26.24,26.3,,,,26.55,25.92
2013-07-11,26.28,26.24,,,,26.46,25.85
2013-07-12,26.2,26.16,,,,26.42,25.84
2013-07-15,25.98,26.08,,,,26.38,25.8
2013-07-16,25.65,25.97,,,,26.28,25.74
2013-07-17,26.08,26.07,,,,26.42,25.85
2013-07-18,26.1,26.14,,,,26.51,25.95
2013-07-19,25.85,26.14,,,,26.45,25.92
2013-07-22,25.99,26.12,,,,26.48,25.9
2013-07-23,26.09,26.2,,,,26.5,25.91
2013-07-24,26.15,26.13,,,,26.4,25.86
2013-07-25,25.98,26.15,,,,26.38,25.88
2013-07-26,26.05,26.13,,,,26.35,25.86
2013-07-29,25.9,26.14,,,,26.3,25.81
2013-07-30,25.8,26.03,,,,26.19,25.72
2013-07-31,25.65,26.06,,,,26.22,25.7
2013-08-01,25.0,25.84,,,,26.32,25.79
2013-08-02,25.1,25.96,,,,26.35,25.81
2013-08-05,24.95,25.7,,,,26.36,25.84
2013-08-06,25.58,25.81,,,,26.32,25.82
2013-08-07,26.0,25.96,,,,26.44,25.93
2013-08-08,25.82,25.91,,,,26.35,25.84
2013-08-09,25.45,25.91,,,,26.3,25.8
2013-08-12,25.2,25.58,,,,26.18,25.72
2013-08-13,25.7,25.63,,,,26.27,25.81
2013-08-14,25.75,25.78,,,,26.3,25.85
2013-08-15,25.5,25.75,,,,26.34,25.86
2013-08-16,25.75,25.63,,,,26.25,25.78
2013-08-19,25.58,25.6,,,,26.25,25.8
2013-08-20,25.45,25.58,,,,26.15,25.74
2013-08-21,25.7,25.6,,,,26.21,25.76
2013-08-22,25.6,25.69,,,,26.25,25.79
2013-08-23,25.1,25.47,,,,26.12,25.71
2013-08-26,25.1,25.4,,,,26.14,
2013-08-27,25.4,25.46,,,,26.25,25.85
2013-08-28,25.25,25.55,,,,26.41,25.97
2013-08-29,25.38,25.6,,,,26.52,26.04
2013-08-30,25.65,25.61,,,,26.51,26.02
2013-09-02,25.92,26.3,,,,26.61,26.05
2013-09-03,25.88,26.36,,,,26.65,26.07
2013-09-04,25.9,26.37,,,,26.7,26.17
2013-09-05,26.05,26.48,,,,26.81,26.26
2013-09-06,26.3,26.58,,,,26.92,26.31
2013-09-09,26.68,26.7,,,,26.91,26.3
2013-09-10,26.62,26.67,,,,26.68,26.06
2013-09-11,26.88,26.78,,,,26.75,26.16
2013-09-12,26.95,27.0,,,,26.79,26.14
2013-09-13,26.9,26.76,,,,26.76,26.12
2013-09-16,26.65,26.79,,,,26.64,26.0
2013-09-17,26.88,26.52,,,,26.5,25.92
2013-09-18,27.06,26.55,,,,26.57,26.02
2013-09-19,26.8,26.54,,,,26.37,25.78
2013-09-20,26.95,26.61,,,,26.4,25.8
2013-09-23,26.5,26.44,,,,26.3,25.78
2013-09-24,26.18,26.25,,,,26.2,25.61
2013-09-25,26.25,26.35,,,,26.32,25.74
2013-09-26,26.35,26.39,,,,26.38,25.78
2013-09-27,26.3,26.5,,,,26.4,25.79
2013-09-30,25.95,26.44,,,,26.32,25.71
2013-10-01,25.8,27.05,,,,26.22,25.57
2013-10-02,25.75,26.99,,,,26.22,25.54
2013-10-03,25.75,26.86,,,,26.19,25.51
2013-10-04,25.7,26.94,,,,26.19,25.5
2013-10-07,26.05,27.28,,,,26.38,25.56
2013-10-08,26.35,27.28,,,,26.42,25.61
2013-10-09,26.6,27.29,,,,26.35,25.51
2013-10-10,26.55,27.17,,,,26.37,25.51
2013-10-11,26.3,27.14,,,,26.32,25.51
2013-10-14,26.75,27.15,,,,26.34,25.5
2013-10-15,26.28,27.15,,,,26.39,25.58
2013-10-16,25.75,27.04,,,,26.38,25.58
2013-10-17,25.7,26.96,,,,26.3,25.5
2013-10-18,25.62,27.0,,,,26.35,25.53
2013-10-21,25.9,26.92,,,,26.31,25.52
2013-10-22,25.75,26.84,,,,26.28,25.47
2013-10-23,25.9,26.93,,,,26.22,25.4
2013-10-24,25.45,26.9,,,,26.19,25.34
2013-10-25,25.4,26.83,,,,26.18,25.29
2013-10-28,25.3,26.72,,,,26.2,25.31
2013-10-29,25.38,26.47,,,,26.12,25.26
2013-10-30,26.15,26.48,,,,26.17,25.29
2013-10-31,24.95,26.02,,,,26.2,25.37
2013-11-01,25.95,27.04,,,,26.22,25.36
2013-11-04,26.06,27.18,,,,26.28,25.44
2013-11-05,26.65,27.47,,,,26.47,25.6
2013-11-06,25.95,27.42,,,,26.42,25.58
2013-11-07,25.88,27.28,,,,26.45,25.61
2013-11-08,25.95,27.45,,,,26.56,25.71
2013-11-11,26.32,27.64,,,,26.62,25.71
2013-11-12,27.15,27.66,,,,26.69,25.76
2013-11-13,27.12,27.79,,,,26.78,25.83
2013-11-14,27.25,27.97,,,,26.9,25.9
2013-11-15,27.38,28.27,,,,27.06,26.0
2013-11-18,28.0,28.22,,,,27.02,25.94
2013-11-19,27.75,28.02,,,,26.9,25.86
2013-11-20,27.65,27.79,,,,26.91,25.94
2013-11-21,27.85,27.76,,,,26.92,25.99
2013-11-22,27.88,27.76,,,,26.98,26.03
2013-11-25,27.86,27.74,,,,26.92,26.05
2013-11-26,28.0,27.75,,,,26.94,26.09
2013-11-27,28.1,27.99,,,,27.08,26.16
2013-11-28,28.48,28.19,,,,27.15,26.26
2013-11-29,27.95,28.26,,,,27.18,26.28
2013-12-02,28.85,28.59,,,,27.4,26.5
2013-12-03,29.29,29.24,,,,27.81,26.74
2013-12-04,28.66,28.77,,,,27.56,26.59
2013-12-05,28.5,28.52,,,,27.37,26.45
2013-12-06,28.26,28.27,,,,27.28,26.41
2013-12-09,27.65,28.0,,,,27.09,26.22
2013-12-10,27.68,27.9,,,,26.96,26.11
2013-12-11,27.58,27.79,,,,26.88,26.05
2013-12-12,27.5,27.67,,,,26.85,26.05
2013-12-13,27.25,27.71,,,,26.9,26.08
2013-12-16,27.65,27.79,,,,27.0,26.15
2013-12-17,27.7,27.77,,,,26.99,26.15
2013-12-18,27.5,27.76,,,,26.99,26.13
2013-12-19,27.78,27.84,,,,27.16,26.32
2013-12-20,27.25,27.84,,,,27.21,26.38
2013-12-23,26.95,27.75,,,,27.19,26.39
2013-12-24,27.5,27.77,,,,27.27,26.46
2013-12-25,27.5,,,,,,
2013-12-26,27.5,27.98,,,,,
2013-12-27,27.18,27.68,,,,27.19,26.36
2013-12-30,26.8,27.28,,,,27.0,26.36
2013-12-31,26.58,27.09,,,,26.91,26.31
2014-01-01,26.58,,,,,,
2014-01-02,26.3,27.3,26.38,,,26.25,25.55
2014-01-03,26.3,27.21,26.3,,,26.15,25.45
2014-01-06,26.7,27.35,26.29,,,26.15,25.42
2014-01-07,26.5,27.2,26.16,,,26.08,25.38
2014-01-08,26.9,27.46,26.32,,,26.18,25.48
2014-01-09,26.62,27.33,26.28,,,26.12,25.41
2014-01-10,26.65,26.91,26.1,,,26.02,25.32
2014-01-13,26.28,26.43,25.8,,,25.86,25.21
2014-01-14,26.2,26.41,25.76,,,25.85,25.21
2014-01-15,26.19,26.51,25.93,,,26.11,25.45
2014-01-16,26.25,26.62,26.09,,,26.29,25.55
2014-01-17,26.25,26.44,25.98,,,26.22,25.5
2014-01-20,26.4,26.5,26.04,,,26.16,25.48
2014-01-21,26.38,26.61,26.09,,,26.17,25.54
2014-01-22,26.42,26.5,26.08,,,26.21,25.56
2014-01-23,26.4,26.47,26.06,,,26.12,25.48
2014-01-24,26.62,26.64,26.04,,,26.07,25.45
2014-01-27,25.92,25.92,25.66,,,25.88,25.32
2014-01-28,25.98,25.92,25.65,,,25.95,25.38
2014-01-29,25.82,25.63,25.4,,,25.89,25.32
2014-01-30,25.3,25.41,25.29,,,25.86,25.32
2014-01-31,25.08,25.0,24.94,,,25.65,25.18
2014-02-03,24.4,24.65,24.53,,,25.36,24.9
2014-02-04,24.3,24.52,24.53,,,25.35,24.88
2014-02-05,24.22,24.41,24.32,,,25.26,24.81
2014-02-06,24.5,24.8,24.76,,,25.47,25.02
2014-02-07,24.68,24.78,24.77,,,25.65,25.18
2014-02-10,24.55,24.6,24.63,,,25.67,25.25
2014-02-11,24.44,24.56,24.67,,,25.79,25.39
2014-02-12,24.82,24.85,24.93,,,25.98,25.54
2014-02-13,24.12,24.3,24.41,,,25.66,25.38
2014-02-14,24.18,24.05,24.16,,,25.58,25.35
2014-02-17,23.7,24.13,24.21,,,25.62,25.35
2014-02-18,23.76,24.14,24.3,,,25.6,25.38
2014-02-19,23.66,23.86,24.11,,,25.52,25.28
2014-02-20,23.42,23.81,24.12,,,25.54,25.34
2014-02-21,23.0,23.58,23.9,,,25.36,25.22
2014-02-24,23.01,23.04,23.42,,,25.19,25.06
2014-02-25,22.65,22.91,23.31,,,25.12,25.06
2014-02-26,22.98,22.86,23.31,,,25.18,25.11
2014-02-27,23.3,23.21,23.63,,,25.34,25.21
2014-02-28,22.7,22.79,23.19,,,25.04,24.94
2014-03-03,24.5,25.26,25.38,,,26.13,25.72
2014-03-04,23.59,23.82,23.9,,,25.32,25.12
2014-03-05,23.6,23.82,23.79,,,25.28,25.08
2014-03-06,23.72,24.02,24.09,,,25.34,25.1
2014-03-07,23.2,24.19,24.26,,,25.44,25.2
2014-03-10,23.48,23.64,23.71,,,25.03,24.85
2014-03-11,23.15,23.45,23.52,,,24.95,24.84
2014-03-12,23.15,23.56,23.59,,,25.0,24.88
2014-03-13,23.18,23.68,23.72,,,25.02,24.86
2014-03-14,23.75,23.88,23.95,,,25.15,24.9
2014-03-17,22.75,23.54,23.61,,,24.95,24.78
2014-03-18,22.58,23.35,23.39,,,24.89,24.76
2014-03-19,22.52,22.93,23.03,,,24.69,24.6
2014-03-20,22.12,22.77,22.89,,,24.73,24.59
2014-03-21,22.06,22.58,22.72,,,24.69,24.56
2014-03-24,22.55,22.23,22.33,,,24.6,24.58
2014-03-25,22.22,22.09,22.2,,,24.55,24.56
2014-03-26,22.15,22.21,22.29,,,24.6,24.64
2014-03-27,22.25,21.95,22.08,,,24.56,24.65
2014-03-28,20.78,21.61,21.82,,,24.42,24.59
2014-03-31,20.85,21.06,,,,24.12,24.4
2014-04-01,19.95,20.69,21.01,,,23.84,24.19
2014-04-02,20.1,20.07,20.35,,,23.35,23.83
2014-04-03,19.35,19.96,20.35,,,23.42,23.85
2014-04-04,19.9,20.05,20.43,,,23.58,23.98
2014-04-07,20.91,21.01,21.49,,,24.35,24.52
2014-04-08,20.65,20.79,21.12,,,24.12,24.35
2014-04-09,20.95,21.08,21.35,,,24.19,24.33
2014-04-10,21.35,21.11,21.38,,,24.22,24.42
2014-04-11,20.68,21.36,21.71,,,24.44,24.59
2014-04-14,21.58,21.85,22.21,,,24.95,24.94
2014-04-15,21.6,21.7,22.08,,,24.87,24.88
2014-04-16,21.06,21.71,22.17,,,24.99,25.03
2014-04-17,20.65,20.9,21.39,,,24.59,24.69
2014-04-18,20.65,,,,,,
2014-04-21,20.65,20.91,21.41,,,24.58,
2014-04-22,20.25,20.29,20.82,,,24.29,24.59
2014-04-23,19.6,20.11,20.65,,,24.41,24.7
2014-04-24,19.35,20.1,20.76,,,24.98,25.12
2014-04-25,20.0,20.06,20.79,,,25.03,25.19
2014-04-28,19.95,19.9,20.71,,,24.69,24.94
2014-04-29,19.69,19.59,20.55,,,24.55,24.83
2014-04-30,18.85,19.13,20.1,,,24.36,24.67
2014-05-01,18.7,19.5,19.95,,,24.36,24.69
2014-05-02,19.69,20.12,20.39,,,24.85,25.09
2014-05-05,19.69,20.15,20.39,,,24.82,
2014-05-06,18.92,19.5,19.74,,,24.34,24.7
2014-05-07,19.0,19.14,19.43,,,23.98,24.48
2014-05-08,19.38,19.67,20.01,,,24.26,24.72
2014-05-09,19.2,19.82,20.11,,,24.38,24.8
2014-05-12,19.41,19.9,20.18,,,24.48,24.8
2014-05-13,19.62,19.77,20.17,,,24.45,24.78
2014-05-14,19.35,19.6,20.05,,,24.38,24.75
2014-05-15,19.15,19.53,19.94,,,24.3,24.69
2014-05-16,18.9,19.35,19.83,,,24.29,24.69
2014-05-19,18.65,19.34,19.9,,,24.31,24.72
2014-05-20,19.31,19.35,19.98,,,24.33,24.79
2014-05-21,19.4,19.5,20.12,,,24.44,24.91
2014-05-22,19.3,19.51,20.12,,,24.45,24.95
2014-05-23,18.95,19.62,20.23,,,24.56,25.02
2014-05-26,18.95,19.62,20.26,,,24.54,
2014-05-27,19.15,19.23,19.92,,,24.43,24.89
2014-05-28,18.3,18.9,19.64,,,24.34,24.81
2014-05-29,18.4,18.8,19.51,,,24.36,24.85
2014-05-30,18.39,18.77,19.47,,,24.42,24.9
2014-06-02,18.08,18.34,18.83,,,24.19,24.75
2014-06-03,18.32,18.23,18.67,,,24.16,24.74
2014-06-04,17.34,17.64,18.11,,,24.07,24.69
2014-06-05,16.76,17.42,17.93,,,24.04,24.67
2014-06-06,16.5,16.94,17.56,,,23.91,24.62
2014-06-09,16.18,17.28,17.76,,,24.01,24.71
2014-06-10,17.06,17.24,17.79,,,23.99,24.66
2014-06-11,17.5,17.39,17.9,,,24.06,24.75
2014-06-12,16.9,17.41,18.0,,,24.21,24.84
2014-06-13,18.1,18.16,18.71,,,24.76,25.05
2014-06-16,18.1,18.37,18.94,,,24.72,25.03
2014-06-17,17.7,17.79,18.31,,,24.44,24.8
2014-06-18,17.9,17.5,18.12,,,24.39,24.79
2014-06-19,17.55,17.41,18.09,,,24.46,24.81
2014-06-20,17.45,17.48,18.14,,,24.53,24.9
2014-06-23,17.2,17.26,17.91,,,24.31,24.81
2014-06-24,17.7,17.36,17.91,,,24.11,24.74
2014-06-25,17.48,17.38,17.91,,,23.91,24.59
2014-06-26,17.32,17.22,17.8,,,23.92,24.51
2014-06-27,17.41,17.23,17.81,,,23.94,24.56
2014-06-30,16.35,16.66,,,,23.76,24.44
2014-07-01,16.7,16.89,22.5,,,23.62,24.44
2014-07-02,16.34,16.76,22.45,,,23.54,24.45
2014-07-03,15.46,16.4,22.37,,,23.49,24.4
2014-07-04,15.78,15.91,22.21,,,23.51,24.39
2014-07-07,14.88,15.44,21.93,,,23.31,24.4
2014-07-08,15.8,15.74,22.14,,,23.51,24.49
2014-07-09,15.55,15.52,21.95,,,23.38,24.48
2014-07-10,15.36,15.4,21.81,,,23.28,24.41
2014-07-11,15.1,15.37,21.88,,,23.32,24.46
2014-07-14,16.38,16.09,22.55,,,23.83,24.8
2014-07-15,16.14,15.97,22.52,,,23.85,24.77
2014-07-16,16.18,16.09,22.71,,,23.96,24.79
2014-07-17,17.12,16.88,23.42,,,24.58,25.0
2014-07-18,16.48,16.64,23.43,,,24.36,24.87
2014-07-21,16.48,16.31,22.92,,,24.05,24.7
2014-07-22,16.45,16.34,23.11,,,24.26,24.84
2014-07-23,16.73,16.72,23.43,,,24.46,24.89
2014-07-24,16.8,17.11,23.58,,,24.61,25.01
2014-07-25,17.9,18.21,24.12,,,24.92,25.27
2014-07-28,18.23,18.81,24.6,,,25.15,25.39
2014-07-29,17.7,18.12,23.76,,,24.63,25.07
2014-07-30,17.25,17.5,23.12,,,24.19,24.83
2014-07-31,17.24,17.36,23.25,,,24.29,24.85
2014-08-01,16.1,17.88,23.05,,,24.17,24.78
2014-08-04,16.23,17.43,22.89,,,24.1,24.71
2014-08-05,16.42,17.65,23.21,,,24.4,24.89
2014-08-06,16.15,18.09,23.73,,,24.74,25.19
2014-08-07,16.51,18.21,24.06,,,24.93,25.3
2014-08-08,16.65,18.2,24.25,,,24.96,25.19
2014-08-11,15.78,18.03,24.18,,,24.92,25.09
2014-08-12,16.11,17.84,24.06,,,24.8,25.01
2014-08-13,17.0,18.01,24.16,,,24.88,25.01
2014-08-14,17.25,18.37,24.47,,,24.99,25.17
2014-08-15,18.8,19.04,25.05,,,25.35,25.32
2014-08-18,18.08,18.2,24.3,,,24.84,24.91
2014-08-19,17.96,17.94,23.97,,,24.62,24.79
2014-08-20,17.65,17.33,23.48,,,24.32,24.67
2014-08-21,17.39,17.3,23.47,,,24.3,24.66
2014-08-22,17.95,17.99,23.75,,,24.43,24.69
2014-08-25,17.95,18.12,23.85,,,24.64,
2014-08-26,18.55,17.99,23.5,,,24.28,24.51
2014-08-27,18.75,18.08,23.37,,,24.18,24.5
2014-08-28,19.15,18.98,24.03,,,24.62,24.69
2014-08-29,19.73,19.61,24.25,,,24.74,24.8
2014-09-01,21.15,22.78,24.69,,,25.04,25.07
2014-09-02,20.1,22.05,24.01,,,24.58,24.91
2014-09-03,20.2,21.73,23.78,,,24.54,24.82
2014-09-04,20.36,22.03,24.04,,,24.79,25.08
2014-09-05,20.38,21.82,23.94,,,24.68,25.01
2014-09-08,20.05,21.67,23.9,,,24.64,25.03
2014-09-09,19.4,21.26,23.54,,,24.42,24.96
2014-09-10,19.8,21.41,23.68,,,24.57,25.08
2014-09-11,19.4,21.52,23.88,,,24.74,25.19
2014-09-12,18.98,21.45,23.92,,,24.82,25.31
2014-09-15,20.8,22.1,24.3,,,24.91,25.28
2014-09-16,21.4,21.9,24.12,,,24.82,25.29
2014-09-17,20.68,21.94,24.07,,,24.8,25.28
2014-09-18,21.4,22.25,24.23,,,24.95,25.32
2014-09-19,20.72,22.21,24.24,,,24.95,25.26
2014-09-22,21.62,22.04,23.98,,,24.84,25.2
2014-09-23,21.08,21.59,23.58,,,24.5,24.99
2014-09-24,22.3,21.85,23.76,,,24.67,25.09
2014-09-25,21.96,22.24,24.07,,,24.84,25.12
2014-09-26,21.85,21.89,23.69,,,24.42,24.93
2014-09-29,22.42,22.19,23.72,,,24.62,25.21
2014-09-30,20.6,22.0,,,,24.6,25.19
2014-10-01,21.8,24.45,25.25,,,24.72,25.26
2014-10-02,21.22,23.97,24.87,,,24.42,25.04
2014-10-03,20.6,23.55,24.62,,,24.24,24.93
2014-10-06,20.92,23.34,24.49,,,24.18,24.89
2014-10-07,20.16,23.23,24.36,,,24.04,24.82
2014-10-08,20.68,23.54,24.57,,,24.23,24.83
2014-10-09,21.1,23.45,24.5,,,24.1,24.64
2014-10-10,20.85,23.14,24.26,,,23.82,24.38
2014-10-13,21.12,22.74,23.94,,,23.58,24.28
2014-10-14,20.9,22.71,23.87,,,23.46,24.03
2014-10-15,21.02,22.62,23.81,,,23.35,23.91
2014-10-16,21.39,22.95,24.07,,,23.54,23.98
2014-10-17,20.72,22.61,23.85,,,23.36,23.94
2014-10-20,20.5,22.48,23.66,,,23.24,23.82
2014-10-21,21.72,22.5,23.57,,,23.24,23.89
2014-10-22,22.35,22.8,23.9,,,23.57,24.16
2014-10-23,22.3,22.59,23.77,,,23.4,24.05
2014-10-24,21.62,22.47,23.73,,,23.36,23.99
2014-10-27,21.32,22.38,23.66,,,23.28,23.92
2014-10-28,22.31,22.64,23.92,,,23.44,23.99
2014-10-29,22.15,22.8,24.08,,,23.52,24.02
2014-10-30,21.08,22.41,23.71,,,23.27,23.89
2014-10-31,19.8,21.51,23.24,,,23.02,23.74
2014-11-03,22.22,23.17,23.49,,,23.16,23.8
2014-11-04,22.22,22.87,23.17,,,22.92,23.64
2014-11-05,21.75,22.82,23.09,,,22.92,23.66
2014-11-06,21.62,22.83,23.2,,,22.98,23.72
2014-11-07,22.7,23.24,23.66,,,23.36,24.02
2014-11-10,22.6,23.24,23.64,,,23.34,24.05
2014-11-11,22.85,22.95,23.34,,,23.15,23.88
2014-11-12,22.39,22.88,23.28,,,23.05,23.8
2014-11-13,22.1,22.54,22.91,,,22.79,23.61
2014-11-14,22.2,22.29,22.72,,,22.6,23.45
2014-11-17,22.85,22.81,23.13,,,22.84,23.6
2014-11-18,22.95,22.83,23.17,,,22.92,23.64
2014-11-19,22.94,22.85,23.22,,,22.96,23.68
2014-11-20,23.31,23.08,23.39,,,23.06,23.68
2014-11-21,23.29,23.37,23.73,,,23.35,23.92
2014-11-24,23.99,23.79,24.08,,,23.68,24.13
2014-11-25,24.9,24.67,24.91,,,24.38,24.64
2014-11-26,24.5,24.62,24.75,,,24.11,24.35
2014-11-27,24.06,24.25,24.54,,,23.85,24.11
2014-11-28,24.22,24.0,24.25,,,23.56,23.81
2014-12-01,24.11,23.98,24.03,,,23.32,23.58
2014-12-02,23.69,23.7,23.71,,,23.13,23.46
2014-12-03,23.91,23.62,23.66,,,23.09,23.41
2014-12-04,23.45,23.43,23.42,,,22.84,23.23
2014-12-05,23.39,23.31,23.33,,,22.88,23.28
2014-12-08,22.76,23.04,23.04,,,22.66,23.14
2014-12-09,23.02,23.19,23.22,,,22.82,23.24
2014-12-10,23.04,22.99,23.04,,,22.62,23.08
2014-12-11,22.62,22.81,22.81,,,22.44,22.91
2014-12-12,22.72,22.75,22.79,,,22.42,22.81
2014-12-15,22.35,22.3,22.35,,,22.05,22.51
2014-12-16,22.42,22.49,22.51,,,22.15,22.49
2014-12-17,22.3,22.41,22.45,,,22.08,22.36
2014-12-18,22.15,22.63,22.66,,,22.23,22.34
2014-12-19,22.18,22.42,22.44,,,22.0,22.08
2014-12-22,21.65,22.15,22.2,,,21.8,21.94
2014-12-23,21.58,22.36,22.41,,,21.96,22.04
2014-12-24,22.2,22.6,22.63,,,22.11,22.09
2014-12-25,22.2,,,,,,
2014-12-26,22.2,22.52,22.67,,,21.75,
2014-12-29,21.84,21.6,21.77,,,21.42,21.66
2014-12-30,21.12,21.2,21.32,,,21.08,21.35
2014-12-31,20.65,20.97,,,,20.98,21.28
2015-01-01,20.65,,,,,,
2015-01-02,20.3,20.42,19.87,,,20.68,20.76
2015-01-05,19.84,20.2,19.65,,,20.45,20.59
2015-01-06,19.24,19.49,19.06,,,19.92,20.21
2015-01-07,19.16,19.55,19.08,,,20.0,20.23
2015-01-08,19.48,19.57,19.08,,,20.04,20.26
2015-01-09,19.5,19.5,19.13,,,20.08,20.31
2015-01-12,19.74,19.84,19.25,,,20.24,20.45
2015-01-13,19.82,20.43,19.6,,,20.4,20.58
2015-01-14,19.88,20.54,19.56,,,20.26,20.42
2015-01-15,20.02,20.2,19.46,,,20.21,20.49
2015-01-16,19.51,19.78,19.15,,,20.02,20.38
2015-01-19,19.18,19.21,18.75,,,19.76,20.2
2015-01-20,18.91,19.31,18.82,,,19.82,20.23
2015-01-21,19.32,19.47,19.02,,,19.94,20.26
2015-01-22,19.42,19.53,19.06,,,19.92,20.24
2015-01-23,19.42,19.47,19.11,,,19.99,20.35
2015-01-26,19.51,19.66,19.19,,,20.06,20.36
2015-01-27,20.1,19.9,19.42,,,20.21,20.44
2015-01-28,20.38,20.23,19.6,,,20.37,20.49
2015-01-29,20.72,20.65,19.91,,,20.56,20.64
2015-01-30,20.23,20.29,19.62,,,20.31,20.42
2015-02-02,21.04,20.33,19.8,,,20.58,20.62
2015-02-03,20.95,20.17,19.76,,,20.75,20.85
2015-02-04,21.12,20.45,20.01,,,20.96,21.11
2015-02-05,21.65,21.39,20.93,,,21.76,21.84
2015-02-06,21.38,21.07,20.69,,,21.68,21.88
2015-02-09,21.51,21.97,21.34,,,22.28,22.35
2015-02-10,22.25,22.18,21.73,,,22.2,22.25
2015-02-11,23.25,23.0,22.15,,,22.61,22.57
2015-02-12,24.1,24.23,22.95,,,23.23,23.06
2015-02-13,23.35,23.52,22.51,,,22.98,22.9
2015-02-16,23.15,22.73,22.01,,,22.65,22.7
2015-02-17,22.86,22.64,21.9,,,22.55,22.64
2015-02-18,23.0,22.6,22.0,,,22.65,22.74
2015-02-19,22.1,21.89,21.35,,,22.05,22.15
2015-02-20,22.4,22.15,21.55,,,22.2,22.33
2015-02-23,21.99,21.82,21.23,,,21.89,22.02
2015-02-24,22.71,22.3,21.63,,,22.19,22.24
2015-02-25,23.22,23.14,22.26,,,22.7,22.66
2015-02-26,23.96,23.65,22.51,,,22.74,22.66
2015-02-27,23.8,23.44,22.46,,,22.7,22.55
2015-03-02,23.26,22.32,21.92,,,22.34,22.21
2015-03-03,22.18,21.91,21.6,,,22.14,22.04
2015-03-04,22.41,22.18,21.8,,,22.25,22.04
2015-03-05,21.94,21.27,21.1,,,21.72,21.68
2015-03-06,21.9,21.11,20.83,,,21.58,21.58
2015-03-09,21.86,21.65,21.31,,,21.81,21.78
2015-03-10,22.04,21.69,21.33,,,21.91,21.84
2015-03-11,22.02,22.08,21.77,,,22.11,21.98
2015-03-12,21.9,21.83,21.53,,,21.94,21.79
2015-03-13,21.48,21.64,21.36,,,21.78,21.65
2015-03-16,21.4,21.35,21.13,,,21.45,21.38
2015-03-17,21.28,21.17,20.99,,,21.33,21.19
2015-03-18,21.5,21.34,21.15,,,21.5,21.29
2015-03-19,21.06,21.17,21.07,,,21.4,21.26
2015-03-20,21.12,21.06,20.96,,,21.46,21.23
2015-03-23,21.25,20.97,20.83,,,21.38,21.14
2015-03-24,21.7,21.16,21.06,,,21.42,21.25
2015-03-25,21.35,21.08,20.97,,,21.35,21.21
2015-03-26,22.42,21.77,21.62,,,21.92,21.69
2015-03-27,21.9,21.78,21.65,,,21.81,21.49
2015-03-30,22.09,21.76,21.6,,,21.68,21.42
2015-03-31,22.24,21.87,,,,21.62,21.32
2015-04-01,23.2,21.93,21.66,,,21.81,21.44
2015-04-02,22.68,21.81,21.51,,,21.62,21.32
2015-04-03,22.68,,,,,,
2015-04-06,22.68,21.81,21.53,,,21.67,
2015-04-07,22.52,21.48,21.22,,,21.54,21.36
2015-04-08,22.18,21.64,21.37,,,21.62,21.48
2015-04-09,22.39,21.86,21.53,,,21.76,21.52
2015-04-10,23.08,21.72,21.44,,,21.77,21.6
2015-04-13,22.44,22.0,21.78,,,22.03,21.86
2015-04-14,21.92,21.59,21.39,,,21.82,21.72
2015-04-15,22.25,21.79,21.55,,,22.06,22.0
2015-04-16,22.18,21.52,21.34,,,22.04,22.0
2015-04-17,21.41,21.12,20.91,,,21.73,21.8
2015-04-20,21.75,21.15,20.93,,,21.78,21.85
2015-04-21,21.72,21.37,21.14,,,21.87,21.93
2015-04-22,21.62,21.27,21.04,,,21.78,21.89
2015-04-23,21.29,20.99,20.8,,,21.67,21.82
2015-04-24,21.78,21.17,20.95,,,21.84,21.95
2015-04-27,21.56,20.99,20.75,,,21.62,21.82
2015-04-28,21.52,20.88,20.66,,,21.6,21.82
2015-04-29,21.5,20.91,20.64,,,21.64,21.89
2015-04-30,20.85,20.62,20.42,,,21.42,21.72
2015-05-01,20.0,20.04,20.02,,,21.1,21.43
2015-05-04,20.0,20.17,20.08,,,21.17,
2015-05-05,20.35,20.39,20.36,,,21.54,21.81
2015-05-06,20.32,20.3,20.31,,,21.49,21.74
2015-05-07,20.15,20.14,20.1,,,21.34,21.62
2015-05-08,20.35,20.31,20.25,,,21.48,21.76
2015-05-11,21.05,20.95,20.92,,,22.01,22.21
2015-05-12,21.0,20.8,20.77,,,21.91,22.16
2015-05-13,20.7,20.68,20.68,,,21.74,21.98
2015-05-14,20.68,20.48,20.45,,,21.69,21.93
2015-05-15,20.4,20.44,20.45,,,21.59,21.75
2015-05-18,20.75,20.29,20.28,,,21.46,21.66
2015-05-19,20.58,20.35,20.33,,,21.5,21.7
2015-05-20,20.55,20.45,20.44,,,21.61,21.81
2015-05-21,20.5,20.43,20.4,,,21.61,21.83
2015-05-22,20.48,20.37,20.34,,,21.55,21.8
2015-05-25,20.48,20.38,20.37,,,21.58,
2015-05-26,20.52,20.48,20.39,,,21.52,21.79
2015-05-27,20.66,20.49,20.41,,,21.52,21.82
2015-05-28,20.65,20.58,20.44,,,21.52,21.81
2015-05-29,20.58,20.42,20.29,,,21.42,21.75
2015-06-01,20.5,20.14,20.2,,,21.35,21.67
2015-06-02,20.32,20.16,20.19,,,21.32,21.65
2015-06-03,20.36,20.15,20.18,,,21.34,21.68
2015-06-04,20.38,19.99,20.01,,,21.19,21.55
2015-06-05,20.32,20.13,20.14,,,21.32,21.66
2015-06-08,20.61,20.35,20.35,,,21.44,21.78
2015-06-09,20.66,20.34,20.38,,,21.45,21.75
2015-06-10,20.58,20.38,20.39,,,21.5,21.81
2015-06-11,20.24,20.05,20.08,,,21.26,21.65
2015-06-12,20.32,20.05,20.05,,,21.26,21.66
2015-06-15,20.36,20.02,20.03,,,21.22,21.63
2015-06-16,20.48,20.19,20.17,,,21.31,21.68
2015-06-17,20.31,20.08,20.06,,,21.26,21.65
2015-06-18,20.48,20.13,20.1,,,21.31,21.7
2015-06-19,20.55,20.29,20.27,,,21.44,21.81
2015-06-22,20.8,20.68,20.63,,,21.61,21.92
2015-06-23,20.98,20.7,20.67,,,21.57,21.89
2015-06-24,20.88,20.59,20.56,,,21.51,21.85
2015-06-25,20.7,20.48,20.44,,,21.52,21.83
2015-06-26,20.5,20.45,20.42,,,21.5,21.82
2015-06-29,20.4,20.37,20.35,,,21.4,21.73
2015-06-30,20.85,20.62,,,,21.52,21.89
2015-07-01,20.75,20.67,21.58,,,21.62,21.95
2015-07-02,21.08,20.88,21.66,,,21.64,21.92
2015-07-03,20.92,20.79,21.6,,,21.49,21.82
2015-07-06,21.08,20.71,21.37,,,21.28,21.56
2015-07-07,20.75,20.66,21.29,,,21.18,21.51
2015-07-08,20.65,20.48,21.09,,,20.93,21.18
2015-07-09,21.0,20.74,21.36,,,21.15,21.36
2015-07-10,20.85,20.85,21.43,,,21.18,21.31
2015-07-13,21.05,20.96,21.49,,,21.19,21.32
2015-07-14,21.12,20.86,21.37,,,21.08,21.2
2015-07-15,21.19,20.96,21.46,,,21.21,21.28
2015-07-16,21.08,21.06,21.62,,,21.25,21.3
2015-07-17,21.04,20.95,21.51,,,21.2,21.26
2015-07-20,21.09,20.96,21.43,,,21.08,21.14
2015-07-21,21.05,20.85,21.32,,,20.93,21.0
2015-07-22,20.79,20.65,21.18,,,20.88,20.95
2015-07-23,20.52,20.55,21.13,,,20.82,20.91
2015-07-24,20.42,20.47,21.07,,,20.79,20.86
2015-07-27,20.52,20.49,21.01,,,20.7,20.71
2015-07-28,20.7,20.73,21.15,,,20.72,20.69
2015-07-29,20.72,20.71,21.16,,,20.73,20.7
2015-07-30,20.95,20.88,21.29,,,20.83,20.79
2015-07-31,20.45,20.52,20.93,,,20.49,20.49
2015-08-03,20.45,20.34,20.69,,,20.25,20.27
2015-08-04,20.0,20.23,20.59,,,20.16,20.14
2015-08-05,20.29,20.21,20.61,,,20.25,20.28
2015-08-06,20.4,20.24,20.67,,,20.28,20.31
2015-08-07,19.95,20.0,20.52,,,20.18,20.23
2015-08-10,20.02,19.98,20.46,,,20.18,20.21
2015-08-11,20.04,19.96,20.45,,,20.13,20.2
2015-08-12,19.46,19.55,20.15,,,19.96,20.12
2015-08-13,19.73,19.46,20.09,,,19.94,20.16
2015-08-14,19.56,19.42,20.1,,,19.98,20.18
2015-08-17,19.44,19.29,20.01,,,19.9,20.15
2015-08-18,19.62,19.44,20.1,,,20.02,20.27
2015-08-19,19.2,19.18,19.93,,,19.86,20.11
2015-08-20,19.1,18.95,19.68,,,19.63,19.9
2015-08-21,19.15,18.9,19.6,,,19.49,19.77
2015-08-24,18.68,18.31,19.06,,,18.95,19.25
2015-08-25,18.95,18.74,19.42,,,19.27,19.54
2015-08-26,18.9,18.63,19.25,,,19.08,19.3
2015-08-27,19.2,18.99,19.56,,,19.32,19.49
2015-08-28,19.55,19.07,19.73,,,19.47,19.6
2015-08-31,19.55,,19.72,,,19.35,
2015-09-01,19.77,19.4,19.84,,,19.62,19.79
2015-09-02,19.96,19.51,19.92,,,19.65,19.81
2015-09-03,20.11,19.68,20.08,,,19.84,20.02
2015-09-04,19.35,19.41,19.78,,,19.62,19.91
2015-09-07,19.32,19.35,19.67,,,19.48,19.76
2015-09-08,19.36,19.35,19.7,,,19.56,19.82
2015-09-09,19.41,19.34,19.77,,,19.6,19.85
2015-09-10,19.35,19.34,19.74,,,19.61,19.86
2015-09-11,19.32,19.28,19.63,,,19.48,19.75
2015-09-14,19.14,19.14,19.48,,,19.3,19.55
2015-09-15,19.01,19.03,19.36,,,19.2,19.5
2015-09-16,19.19,19.26,19.57,,,19.38,19.68
2015-09-17,19.1,19.05,19.38,,,19.26,19.54
2015-09-18,18.98,18.91,19.25,,,19.12,19.4
2015-09-21,19.0,18.78,19.16,,,19.09,19.38
2015-09-22,19.06,18.93,19.23,,,19.09,19.39
2015-09-23,19.2,18.84,19.13,,,18.99,19.29
2015-09-24,18.6,18.59,18.89,,,18.82,19.1
2015-09-25,18.9,18.77,19.05,,,18.94,19.24
2015-09-28,18.58,18.47,18.77,,,18.68,19.0
2015-09-29,18.65,18.52,18.74,,,18.66,18.98
2015-09-30,18.29,18.41,,,,18.62,18.93
2015-10-01,18.0,18.37,18.7,,,18.44,18.88
2015-10-02,17.66,18.2,18.48,,,18.27,18.73
2015-10-05,17.54,18.42,18.68,,,18.45,18.85
2015-10-06,18.21,18.87,19.17,,,18.98,19.26
2015-10-07,18.41,18.7,18.98,,,18.78,19.08
2015-10-08,18.6,18.84,19.1,,,18.92,19.2
2015-10-09,18.56,18.72,19.0,,,18.82,19.14
2015-10-12,18.7,18.44,18.76,,,18.62,19.02
2015-10-13,18.4,18.15,18.45,,,18.32,18.75
2015-10-14,18.3,18.05,18.34,,,18.24,18.67
2015-10-15,18.46,18.17,18.44,,,18.29,18.68
2015-10-16,18.46,18.2,18.46,,,18.32,18.72
2015-10-19,18.73,18.41,18.63,,,18.45,18.77
2015-10-20,18.46,18.19,18.37,,,18.17,18.52
2015-10-21,18.34,18.07,18.26,,,18.09,18.45
2015-10-22,18.3,18.15,18.32,,,18.15,18.52
2015-10-23,18.24,18.27,18.46,,,18.27,18.61
2015-10-26,18.04,18.04,18.27,,,18.1,18.42
2015-10-27,18.04,18.08,18.26,,,18.03,18.29
2015-10-28,18.05,18.14,18.3,,,18.1,18.35
2015-10-29,18.14,18.15,18.37,,,18.14,18.37
2015-10-30,17.84,17.81,18.12,,,17.95,18.24
2015-11-02,17.66,17.83,17.95,,,17.8,18.06
2015-11-03,17.52,17.86,17.98,,,17.79,17.92
2015-11-04,17.49,17.95,18.06,,,17.88,17.95
2015-11-05,17.18,17.74,17.88,,,17.65,17.58
2015-11-06,16.75,17.86,17.96,,,17.63,17.36
2015-11-09,16.49,17.44,17.58,,,17.23,16.98
2015-11-10,16.59,17.24,17.41,,,17.12,16.92
2015-11-11,16.38,17.05,17.2,,,16.92,16.62
2015-11-12,16.19,16.86,17.03,,,16.81,16.46
2015-11-13,16.0,17.0,17.17,,,16.99,16.62
2015-11-16,16.51,17.3,17.43,,,17.33,16.99
2015-11-17,17.09,17.76,18.0,,,17.96,17.77
2015-11-18,17.16,17.37,17.68,,,17.56,17.41
2015-11-19,17.42,17.43,17.78,,,17.71,17.56
2015-11-20,17.38,17.24,17.52,,,17.42,17.36
2015-11-23,17.62,17.21,17.49,,,17.38,17.33
2015-11-24,17.6,17.41,17.71,,,17.54,17.5
2015-11-25,17.88,17.58,17.94,,,17.77,17.7
2015-11-26,17.68,17.65,17.95,,,17.79,17.72
2015-11-27,17.76,17.57,17.94,,,17.77,17.73
2015-11-30,18.1,17.92,18.19,,,18.07,18.07
2015-12-01,18.02,18.18,18.27,,,18.06,18.07
2015-12-02,17.66,17.76,17.88,,,17.66,17.75
2015-12-03,17.27,17.38,17.46,,,17.32,17.46
2015-12-04,17.24,17.45,17.54,,,17.35,17.51
2015-12-07,16.85,16.84,16.94,,,16.84,17.05
2015-12-08,16.7,16.82,16.91,,,16.76,16.99
2015-12-09,16.61,16.56,16.67,,,16.56,16.88
2015-12-10,16.54,16.48,16.6,,,16.54,16.9
2015-12-11,16.31,16.23,16.36,,,16.29,16.71
2015-12-14,16.02,15.89,15.94,,,15.94,16.43
2015-12-15,15.94,16.06,16.16,,,16.11,16.58
2015-12-16,15.21,15.66,15.75,,,15.72,16.25
2015-12-17,15.25,15.65,15.75,,,15.8,16.31
2015-12-18,14.88,15.39,15.47,,,15.5,16.05
2015-12-21,14.49,15.09,15.22,,,15.22,15.82
2015-12-22,14.16,14.96,15.08,,,15.15,15.81
2015-12-23,13.98,14.55,14.71,,,14.85,15.69
2015-12-24,14.15,14.45,14.6,,,14.76,15.55
2015-12-25,14.15,,,,,,
2015-12-28,14.15,14.79,14.92,,,15.1,
2015-12-29,15.38,15.42,15.51,,,15.59,16.16
2015-12-30,14.5,14.9,15.05,,,15.12,15.82
2015-12-31,14.35,14.45,,,,14.84,15.65
2016-01-01,14.35,,,,,,
2016-01-04,14.66,14.6,14.4,,,15.39,15.48
2016-01-05,14.76,14.79,14.56,,,15.49,15.45
2016-01-06,15.18,15.2,14.78,,,15.61,15.54
2016-01-07,15.44,15.46,15.07,,,15.64,15.44
2016-01-08,14.58,14.71,14.39,,,15.07,14.99
2016-01-11,14.46,14.62,14.24,,,14.85,14.72
2016-01-12,14.04,14.02,13.77,,,14.44,14.38
2016-01-13,14.25,14.24,13.88,,,14.53,14.46
2016-01-14,13.78,13.77,13.48,,,14.16,14.15
2016-01-15,13.46,13.31,13.03,,,13.72,13.72
2016-01-18,13.66,13.41,13.09,,,13.75,13.72
2016-01-19,13.62,13.34,13.04,,,13.65,13.69
2016-01-20,13.04,12.77,12.59,,,13.25,13.31
2016-01-21,13.05,12.66,12.48,,,13.36,13.41
2016-01-22,13.65,13.43,13.49,,,14.48,14.5
2016-01-25,12.74,12.73,12.82,,,13.94,14.04
2016-01-26,13.01,12.95,13.06,,,14.34,14.47
2016-01-27,13.44,13.39,13.4,,,14.65,14.75
2016-01-28,13.45,13.61,13.78,,,15.09,15.19
2016-01-29,13.18,13.24,13.48,,,15.05,15.22
2016-02-01,12.82,12.81,12.97,,,14.65,14.82
2016-02-02,12.98,12.82,12.91,,,14.46,14.66
2016-02-03,13.08,12.88,12.94,,,14.5,14.71
2016-02-04,12.48,12.36,12.51,,,14.28,14.54
2016-02-05,12.35,12.26,12.39,,,14.12,14.35
2016-02-08,12.22,12.24,12.3,,,13.89,14.12
2016-02-09,12.06,12.09,12.16,,,13.65,13.88
2016-02-10,12.31,11.99,12.05,,,13.5,13.76
2016-02-11,12.12,11.85,11.9,,,13.38,13.69
2016-02-12,12.14,12.04,12.17,,,13.9,14.26
2016-02-15,12.55,11.89,12.06,,,13.83,14.27
2016-02-16,12.55,11.76,11.84,,,13.68,14.08
2016-02-17,12.39,11.88,11.96,,,13.8,14.2
2016-02-18,12.4,12.08,12.15,,,13.94,14.35
2016-02-19,12.2,12.03,12.04,,,13.7,14.14
2016-02-22,12.66,12.43,12.43,,,14.09,14.48
2016-02-23,12.71,12.31,12.25,,,13.79,14.19
2016-02-24,12.52,12.09,11.92,,,13.56,13.99
2016-02-25,12.32,11.92,11.84,,,13.56,14.0
2016-02-26,12.4,12.18,12.14,,,13.82,14.25
2016-02-29,12.56,12.31,12.18,,,13.84,14.25
2016-03-01,12.55,12.2,12.15,,,13.88,14.28
2016-03-02,12.69,12.18,12.16,,,13.87,14.28
2016-03-03,12.58,12.02,12.0,,,13.74,14.14
2016-03-04,12.24,11.84,11.81,,,13.69,14.08
2016-03-07,12.51,11.82,11.83,,,13.78,14.2
2016-03-08,12.29,11.94,11.92,,,13.79,14.24
2016-03-09,12.35,12.09,12.04,,,13.88,14.32
2016-03-10,12.15,11.89,11.84,,,13.66,14.11
2016-03-11,12.38,12.01,12.0,,,13.79,14.21
2016-03-14,12.28,12.0,11.94,,,13.62,14.07
2016-03-15,12.22,12.04,11.94,,,13.53,13.98
2016-03-16,12.39,11.96,11.91,,,13.53,14.0
2016-03-17,12.36,12.08,12.01,,,13.68,14.1
2016-03-18,12.24,12.1,12.05,,,13.71,14.24
2016-03-21,11.99,11.94,11.88,,,13.56,14.06
2016-03-22,12.04,11.93,11.88,,,13.56,14.05
2016-03-23,12.08,11.98,11.94,,,13.58,14.07
2016-03-24,11.96,12.05,12.01,,,13.56,14.05
2016-03-25,11.96,,,,,,
2016-03-28,11.96,12.01,12.14,,,13.71,
2016-03-29,12.04,12.05,11.99,,,13.45,13.93
2016-03-30,12.09,12.07,12.01,,,13.48,13.91
2016-03-31,12.38,12.02,11.95,,,13.44,13.88
2016-04-01,11.5,11.6,11.6,,,13.26,13.75
2016-04-04,11.29,11.34,11.38,,,13.15,13.71
2016-04-05,11.35,11.28,11.33,,,13.08,13.67
2016-04-06,11.35,11.39,11.42,,,13.17,13.75
2016-04-07,11.39,11.14,11.18,,,12.99,13.62
2016-04-08,11.15,11.21,11.28,,,13.18,13.82
2016-04-11,11.05,11.18,11.32,,,13.26,13.94
2016-04-12,11.34,11.26,11.37,,,13.38,14.01
2016-04-13,11.38,11.3,11.41,,,13.34,14.0
2016-04-14,11.32,11.23,11.29,,,13.24,13.92
2016-04-15,11.28,11.22,11.29,,,13.22,13.88
2016-04-18,11.76,11.36,11.4,,,13.28,13.91
2016-04-19,11.95,11.68,11.72,,,13.62,14.28
2016-04-20,11.98,11.86,11.93,,,13.88,14.5
2016-04-21,12.78,12.52,12.61,,,14.57,15.12
2016-04-22,13.2,13.03,13.12,,,15.02,15.54
2016-04-25,13.42,12.92,13.02,,,14.86,15.42
2016-04-26,14.28,13.96,13.92,,,15.7,16.19
2016-04-27,14.52,13.94,14.0,,,15.82,16.34
2016-04-28,12.9,12.66,12.71,,,14.79,15.49
2016-04-29,12.85,12.61,12.68,,,14.63,15.31
2016-05-02,12.85,12.29,12.25,,,14.57,
2016-05-03,12.18,12.2,12.19,,,14.28,14.92
2016-05-04,12.32,12.4,12.47,,,14.5,15.11
2016-05-05,12.62,12.79,12.86,,,14.85,15.38
2016-05-06,12.72,12.91,12.94,,,14.85,15.37
2016-05-09,12.92,13.06,13.1,,,14.77,15.32
2016-05-10,12.88,12.98,13.03,,,14.88,15.43
2016-05-11,12.92,13.1,13.16,,,15.05,15.58
2016-05-12,12.88,12.9,13.01,,,14.86,15.33
2016-05-13,13.01,12.85,12.98,,,14.84,15.32
2016-05-16,13.02,13.15,13.21,,,15.14,15.61
2016-05-17,13.19,13.15,13.24,,,15.18,15.62
2016-05-18,13.12,13.11,13.2,,,15.16,15.63
2016-05-19,12.85,12.98,13.05,,,14.95,15.35
2016-05-20,12.91,13.04,13.11,,,14.98,15.24
2016-05-23,12.82,12.91,13.0,,,14.74,15.04
2016-05-24,12.98,13.0,13.05,,,14.75,15.04
2016-05-25,13.14,13.3,13.34,,,15.0,15.25
2016-05-26,13.58,13.52,13.56,,,15.22,15.42
2016-05-27,14.1,13.87,13.88,,,15.38,15.54
2016-05-30,14.1,13.93,14.06,,,15.52,
2016-05-31,14.2,14.21,14.3,,,15.69,15.84
2016-06-01,14.2,14.11,14.16,,,15.52,15.71
2016-06-02,14.74,14.46,14.48,,,15.91,16.08
2016-06-03,14.28,14.21,14.29,,,15.78,16.04
2016-06-06,14.62,14.5,14.6,,,16.3,16.59
2016-06-07,14.91,14.65,14.76,,,16.61,16.95
2016-06-08,14.45,14.4,14.51,,,16.5,16.9
2016-06-09,14.32,14.13,14.28,,,16.24,16.66
2016-06-10,13.89,13.94,14.07,,,15.91,16.32
2016-06-13,13.8,13.85,13.98,,,15.89,16.34
2016-06-14,14.11,14.11,14.18,,,16.14,16.58
2016-06-15,14.11,14.12,14.26,,,16.11,16.52
2016-06-16,14.26,14.2,14.33,,,16.27,16.65
2016-06-17,14.35,14.48,14.59,,,16.41,16.77
2016-06-20,15.05,15.17,15.28,,,17.25,17.66
2016-06-21,14.78,14.82,14.93,,,16.81,17.17
2016-06-22,15.1,15.24,15.42,,,17.61,17.73
2016-06-23,15.12,15.2,15.4,,,17.21,17.32
2016-06-24,14.45,14.73,14.99,,,16.74,16.84
2016-06-27,14.39,14.27,14.47,,,16.23,16.44
2016-06-28,14.16,14.17,14.39,,,16.28,16.49
2016-06-29,14.32,14.44,14.68,,,16.67,16.86
2016-06-30,14.14,14.15,15.22,,,16.27,16.52
2016-07-01,14.16,14.3,16.37,,,16.56,16.77
2016-07-04,14.45,14.54,16.75,,,16.95,17.22
2016-07-05,14.09,14.22,16.37,,,16.55,16.86
2016-07-06,14.15,14.18,16.29,,,16.54,16.9
2016-07-07,14.29,14.33,16.5,,,16.74,17.13
2016-07-08,13.99,14.14,16.23,,,16.48,16.9
2016-07-11,13.9,14.08,16.17,,,16.42,16.82
2016-07-12,14.3,14.33,16.42,,,16.66,17.06
2016-07-13,14.15,14.23,16.27,,,16.45,16.86
2016-07-14,14.26,14.31,16.33,,,16.56,16.97
2016-07-15,14.06,14.23,16.99,,,16.94,17.3
2016-07-18,14.3,14.3,16.72,,,16.86,17.08
2016-07-19,14.29,14.41,16.71,,,16.8,17.04
2016-07-20,14.5,14.7,16.86,,,16.94,17.19
2016-07-21,14.78,14.98,17.01,,,17.1,17.3
2016-07-22,14.5,14.81,16.78,,,16.84,17.06
2016-07-25,14.61,14.84,16.74,,,16.79,17.07
2016-07-26,14.5,14.56,16.58,,,16.67,17.05
2016-07-27,14.24,14.42,16.51,,,16.64,17.02
2016-07-28,13.8,14.13,16.23,,,16.38,16.77
2016-07-29,13.5,14.13,16.09,,,16.28,16.69
2016-08-01,13.55,14.02,15.76,,,15.92,16.34
2016-08-02,13.4,13.8,15.55,,,15.78,16.18
2016-08-03,13.25,13.74,15.53,,,15.76,16.14
2016-08-04,13.32,13.69,15.49,,,15.73,16.08
2016-08-05,12.48,13.29,15.25,,,15.44,15.81
2016-08-08,12.54,13.01,15.25,,,15.54,15.95
2016-08-09,12.69,12.85,15.26,,,15.6,15.98
2016-08-10,12.35,12.86,15.2,,,15.51,15.89
2016-08-11,12.08,12.75,15.19,,,15.52,15.89
2016-08-12,11.72,12.24,15.06,,,15.48,15.86
2016-08-15,11.2,11.62,14.9,,,15.41,15.83
2016-08-16,11.56,11.92,15.13,,,15.65,16.07
2016-08-17,11.46,12.05,15.26,,,15.72,16.15
2016-08-18,11.29,11.85,15.18,,,15.68,16.11
2016-08-19,10.5,10.66,14.82,,,15.46,15.92
2016-08-22,11.05,11.29,14.67,,,15.18,15.69
2016-08-23,11.36,11.62,14.75,,,15.28,15.81
2016-08-24,10.92,11.11,14.45,,,15.06,15.66
2016-08-25,11.04,11.1,14.48,,,15.1,15.7
2016-08-26,11.8,11.46,14.77,,,15.39,15.98
2016-08-29,11.8,11.5,15.09,,,15.6,
2016-08-30,11.71,11.5,14.6,,,15.26,15.84
2016-08-31,11.66,12.06,14.37,,,15.08,15.67
2016-09-01,11.95,12.6,14.23,,,14.92,15.5
2016-09-02,12.1,12.71,14.26,,,14.94,15.58
2016-09-05,11.98,12.49,14.14,,,14.89,15.54
2016-09-06,12.05,12.41,14.07,,,14.89,15.54
2016-09-07,11.22,12.0,13.78,,,14.71,15.42
2016-09-08,11.22,12.0,13.79,,,14.78,15.5
2016-09-09,11.18,11.88,13.66,,,14.6,15.38
2016-09-12,10.79,11.81,13.6,,,14.55,15.31
2016-09-13,11.08,12.03,13.71,,,14.58,15.3
2016-09-14,11.16,11.95,13.62,,,14.49,15.21
2016-09-15,11.55,12.44,13.96,,,14.75,15.46
2016-09-16,11.75,12.69,14.07,,,14.75,15.42
2016-09-19,13.45,13.41,14.62,,,15.22,15.84
2016-09-20,12.46,13.01,14.24,,,14.9,15.52
2016-09-21,13.02,13.33,14.51,,,15.14,15.75
2016-09-22,13.22,13.54,14.77,,,15.32,15.88
2016-09-23,13.14,13.98,15.13,,,15.64,16.17
2016-09-26,13.44,13.82,15.02,,,15.51,16.09
2016-09-27,12.65,13.26,14.46,,,14.99,15.58
2016-09-28,13.14,13.94,15.04,,,15.5,16.0
2016-09-29,13.61,14.0,15.24,,,15.68,16.17
2016-09-30,13.42,14.52,15.33,,,15.39,15.94
2016-10-03,12.58,15.55,15.99,,,15.52,16.02
2016-10-04,13.74,16.01,16.34,,,15.92,16.42
2016-10-05,14.95,16.09,16.48,,,16.09,16.56
2016-10-06,15.41,16.47,16.83,,,16.46,16.86
2016-10-07,15.46,16.08,16.41,,,15.98,16.42
2016-10-10,15.54,15.82,16.23,,,15.88,16.34
2016-10-11,15.48,15.37,15.87,,,15.58,16.09
2016-10-12,15.22,15.45,15.87,,,15.62,16.15
2016-10-13,15.55,15.81,16.24,,,15.92,16.34
2016-10-14,15.52,16.14,16.5,,,16.12,16.52
2016-10-17,15.98,16.32,16.66,,,16.27,16.66
2016-10-18,16.66,16.78,17.05,,,16.54,16.89
2016-10-19,16.88,16.71,17.0,,,16.52,16.92
2016-10-20,17.04,16.91,17.07,,,16.55,16.91
2016-10-21,17.02,16.83,17.02,,,16.51,16.91
2016-10-24,17.45,17.28,17.4,,,16.76,17.06
2016-10-25,17.55,17.56,17.66,,,16.92,17.17
2016-10-26,17.24,17.12,17.33,,,16.72,17.06
2016-10-27,17.27,17.42,17.66,,,16.98,17.27
2016-10-28,16.92,17.34,17.63,,,17.02,17.31
2016-10-31,17.69,17.86,17.88,,,17.11,17.32
2016-11-01,18.25,18.32,18.44,,,17.5,17.58
2016-11-02,19.05,18.93,18.95,,,17.64,17.4
2016-11-03,18.75,18.77,18.73,,,17.34,16.98
2016-11-04,18.21,18.27,18.18,,,17.08,16.91
2016-11-07,18.08,17.89,17.89,,,16.77,16.64
2016-11-08,17.86,17.67,17.6,,,16.74,16.65
2016-11-09,18.05,17.96,17.87,,,16.88,16.76
2016-11-10,18.14,18.08,18.02,,,16.94,16.79
2016-11-11,18.12,18.03,17.96,,,16.71,16.45
2016-11-14,17.66,17.56,17.5,,,16.38,16.21
2016-11-15,17.85,17.88,17.76,,,16.69,16.51
2016-11-16,17.68,17.62,17.52,,,16.49,16.29
2016-11-17,17.74,17.69,17.58,,,16.62,16.49
2016-11-18,18.1,17.91,17.83,,,16.73,16.51
2016-11-21,17.18,17.38,17.38,,,16.58,16.52
2016-11-22,17.68,17.64,17.59,,,16.79,16.81
2016-11-23,17.77,17.72,17.74,,,16.88,16.94
2016-11-24,17.94,17.79,17.82,,,16.98,17.04
2016-11-25,17.74,17.67,17.71,,,16.82,16.92
2016-11-28,18.25,17.98,17.96,,,17.0,17.0
2016-11-29,18.25,18.01,17.93,,,16.92,16.86
2016-11-30,18.3,18.23,18.11,,,17.14,17.1
2016-12-01,18.05,18.04,17.97,,,17.21,17.26
2016-12-02,17.75,17.55,17.49,,,16.89,17.06
2016-12-05,17.0,16.87,16.84,,,16.34,16.65
2016-12-06,16.46,16.28,16.28,,,15.88,16.3
2016-12-07,16.42,16.23,16.23,,,15.85,16.29
2016-12-08,16.6,16.41,16.43,,,16.02,16.39
2016-12-09,16.73,16.47,16.45,,,16.13,16.5
2016-12-12,17.25,17.01,16.98,,,16.55,16.95
2016-12-13,17.21,17.16,17.13,,,16.77,17.14
2016-12-14,17.09,17.08,17.07,,,16.74,17.13
2016-12-15,17.05,17.16,17.12,,,16.78,17.16
2016-12-16,17.4,17.46,17.49,,,17.09,17.46
2016-12-19,17.66,17.35,17.34,,,17.01,17.41
2016-12-20,17.6,17.49,17.49,,,17.2,17.63
2016-12-21,17.75,17.56,17.66,,,17.4,17.8
2016-12-22,18.09,18.12,18.13,,,17.75,18.04
2016-12-23,18.23,18.07,18.1,,,17.66,17.92
2016-12-26,18.23,,,,,,
2016-12-27,18.23,18.24,18.36,,,17.89,
2016-12-28,18.8,18.75,18.72,,,18.13,18.21
2016-12-29,18.92,19.01,18.92,,,18.27,18.28
2016-12-30,19.35,19.47,18.88,,,18.61,18.51
2017-01-02,19.35,19.22,18.09,,,18.21,
2017-01-03,18.55,18.32,17.36,,,17.59,17.39
2017-01-04,19.32,18.92,17.71,,,17.89,17.66
2017-01-05,18.95,18.83,17.58,,,17.72,17.46
2017-01-06,18.6,18.56,17.39,,,17.65,17.4
2017-01-09,19.2,19.17,17.69,,,17.76,17.52
2017-01-10,20.08,19.88,18.05,,,18.05,17.77
2017-01-11,20.58,20.52,18.43,,,18.37,18.04
2017-01-12,20.5,20.24,18.22,,,18.16,17.89
2017-01-13,20.18,19.95,18.05,,,18.08,17.82
2017-01-16,19.15,18.96,17.59,,,17.75,17.56
2017-01-17,19.75,19.61,18.02,,,18.2,17.95
2017-01-18,20.15,19.66,18.12,,,18.14,17.84
2017-01-19,20.61,19.89,18.12,,,18.1,17.82
2017-01-20,20.9,20.55,18.44,,,18.3,17.92
2017-01-23,22.16,21.15,18.65,,,18.41,17.97
2017-01-24,21.76,20.63,18.33,,,18.18,17.77
2017-01-25,20.81,19.94,17.97,,,17.88,17.59
2017-01-26,20.23,19.91,17.98,,,17.89,17.54
2017-01-27,19.68,19.51,17.76,,,17.73,17.46
2017-01-30,20.76,20.44,18.06,,,17.79,17.44
2017-01-31,21.05,20.92,18.18,,,17.77,17.48
2017-02-01,22.25,21.64,18.49,,,18.04,17.65
2017-02-02,22.11,21.82,18.43,,,17.94,17.52
2017-02-03,23.12,22.26,18.47,,,17.89,17.46
2017-02-06,23.02,21.95,18.36,,,17.82,17.38
2017-02-07,22.09,21.18,18.3,,,17.92,17.45
2017-02-08,20.75,20.21,18.11,,,17.75,17.37
2017-02-09,20.7,20.09,18.19,,,17.88,17.48
2017-02-10,20.05,19.76,18.13,,,17.87,17.51
2017-02-13,19.1,19.02,17.88,,,17.72,17.38
2017-02-14,18.75,18.71,17.73,,,17.64,17.34
2017-02-15,18.8,18.87,17.74,,,17.66,17.38
2017-02-16,18.94,18.97,17.74,,,17.68,17.4
2017-02-17,18.2,18.48,17.56,,,17.61,17.33
2017-02-20,18.12,18.52,17.76,,,17.81,17.54
2017-02-21,17.77,18.13,17.66,,,17.8,17.49
2017-02-22,17.94,18.02,17.63,,,17.77,17.47
2017-02-23,18.32,18.32,17.83,,,17.9,17.6
2017-02-24,17.62,17.7,17.47,,,17.68,17.4
2017-02-27,17.16,17.29,17.06,,,17.42,17.2
2017-02-28,17.11,16.91,16.66,,,17.04,16.85
2017-03-01,17.25,17.16,16.92,,,17.27,17.06
2017-03-02,17.02,16.76,16.55,,,16.97,16.77
2017-03-03,16.68,16.81,16.59,,,17.04,16.88
2017-03-06,16.8,16.67,16.54,,,17.13,16.96
2017-03-07,16.55,16.49,16.36,,,16.92,16.79
2017-03-08,16.42,16.27,16.17,,,16.79,16.74
2017-03-09,16.23,16.14,16.03,,,16.56,16.51
2017-03-10,16.0,16.11,16.06,,,16.5,16.46
2017-03-13,15.82,15.86,15.83,,,16.29,16.24
2017-03-14,16.0,15.91,15.89,,,16.29,16.18
2017-03-15,16.05,16.1,16.09,,,16.45,16.31
2017-03-16,15.75,15.98,15.97,,,16.4,16.3
2017-03-17,15.75,15.96,15.96,,,16.44,16.36
2017-03-20,15.48,15.76,15.76,,,16.3,16.23
2017-03-21,15.52,15.59,15.6,,,16.11,16.04
2017-03-22,15.5,15.62,15.6,,,16.12,16.02
2017-03-23,15.18,15.56,15.56,,,16.14,16.09
2017-03-24,14.88,15.24,15.25,,,16.0,15.96
2017-03-27,14.71,14.92,14.95,,,15.8,15.81
2017-03-28,14.72,15.13,15.13,,,16.01,16.01
2017-03-29,15.06,15.63,15.68,,,16.49,16.44
2017-03-30,15.66,15.92,15.97,,,16.77,16.74
2017-03-31,15.48,15.72,15.8,,,16.54,16.51
2017-04-03,16.0,16.04,16.07,,,16.82,16.81
2017-04-04,16.08,16.09,16.11,,,16.75,16.7
2017-04-05,16.19,16.2,16.19,,,16.82,16.73
2017-04-06,16.1,16.06,16.12,,,16.75,16.65
2017-04-07,15.72,15.76,15.77,,,16.5,16.39
2017-04-10,15.62,15.53,15.58,,,16.46,16.39
2017-04-11,15.7,15.55,15.6,,,16.52,16.42
2017-04-12,15.7,15.63,15.7,,,16.7,16.6
2017-04-13,15.75,15.69,15.7,,,16.68,16.57
2017-04-14,15.75,,,,,,
2017-04-17,15.75,15.66,15.84,,,16.81,
2017-04-18,16.58,16.18,16.22,,,17.14,17.0
2017-04-19,16.45,16.12,16.15,,,16.95,16.82
2017-04-20,16.12,16.05,16.06,,,16.81,16.69
2017-04-21,16.66,16.35,16.27,,,16.89,16.71
2017-04-24,16.39,16.1,16.07,,,16.63,16.45
2017-04-25,16.12,15.79,15.73,,,16.38,16.2
2017-04-26,16.4,16.1,15.97,,,16.56,16.38
2017-04-27,16.0,16.01,15.87,,,16.46,16.25
2017-04-28,16.45,16.22,16.02,,,16.62,16.42
2017-05-01,16.45,16.11,16.15,,,16.76,
2017-05-02,16.77,16.45,16.3,,,16.82,16.55
2017-05-03,16.65,16.25,16.17,,,16.68,16.42
2017-05-04,16.12,15.85,15.78,,,16.43,16.23
2017-05-05,16.0,15.8,15.73,,,16.42,16.21
2017-05-08,15.95,15.43,15.4,,,16.24,16.1
2017-05-09,15.92,15.45,15.41,,,16.21,16.04
2017-05-10,15.99,15.57,15.54,,,16.25,16.07
2017-05-11,15.25,15.34,15.3,,,16.13,15.99
2017-05-12,15.52,15.36,15.31,,,16.12,15.99
2017-05-15,15.48,15.48,15.46,,,16.33,16.16
2017-05-16,15.48,15.35,15.34,,,16.25,16.09
2017-05-17,15.5,15.59,15.54,,,16.35,16.21
2017-05-18,15.72,15.7,15.69,,,16.54,16.39
2017-05-19,15.39,15.49,15.49,,,16.42,16.29
2017-05-22,15.25,15.49,15.5,,,16.48,16.34
2017-05-23,15.5,15.68,15.64,,,16.65,16.53
2017-05-24,15.2,15.53,15.57,,,16.54,16.4
2017-05-25,15.01,15.36,15.42,,,16.4,16.27
2017-05-26,15.1,15.36,15.41,,,16.38,16.24
2017-05-29,15.1,15.41,15.48,,,16.5,
2017-05-30,15.52,15.65,15.67,,,16.6,16.48
2017-05-31,15.21,15.3,15.33,,,16.28,16.16
2017-06-01,15.05,15.12,15.2,,,16.26,16.17
2017-06-02,14.62,14.95,15.06,,,16.21,16.14
2017-06-05,15.05,15.06,15.18,,,16.3,16.19
2017-06-06,14.82,14.86,15.01,,,16.15,16.02
2017-06-07,14.94,14.95,15.07,,,16.15,16.06
2017-06-08,15.12,15.34,15.47,,,16.41,16.25
2017-06-09,15.2,15.01,15.12,,,16.16,16.05
2017-06-12,15.09,14.77,14.94,,,15.98,15.94
2017-06-13,15.12,14.66,14.82,,,15.98,15.97
2017-06-14,15.24,14.69,14.85,,,15.92,15.91
2017-06-15,14.75,14.58,14.73,,,15.83,15.85
2017-06-16,15.12,14.6,14.74,,,15.83,15.85
2017-06-19,15.42,14.77,14.87,,,15.92,15.91
2017-06-20,15.39,14.82,14.91,,,15.88,15.89
2017-06-21,15.32,14.72,14.82,,,15.82,15.86
2017-06-22,15.21,14.62,14.72,,,15.79,15.84
2017-06-23,15.05,14.68,14.74,,,15.78,15.86
2017-06-26,15.28,14.82,14.87,,,15.85,15.88
2017-06-27,15.32,15.0,15.05,,,15.9,15.97
2017-06-28,15.32,15.15,15.2,,,16.01,16.07
2017-06-29,14.98,15.08,14.97,,,15.89,15.96
2017-06-30,15.32,14.88,15.46,,,15.92,15.99
2017-07-03,15.42,15.13,16.21,,,16.09,16.17
2017-07-04,15.34,14.95,16.1,,,15.99,16.09
2017-07-05,15.44,14.96,16.06,,,15.95,16.06
2017-07-06,15.24,14.99,16.12,,,16.0,16.1
2017-07-07,15.06,14.75,15.9,,,15.83,15.95
2017-07-10,15.08,14.6,15.73,,,15.72,15.89
2017-07-11,14.75,14.45,15.6,,,15.66,15.81
2017-07-12,14.82,14.48,15.62,,,15.68,15.88
2017-07-13,14.96,14.6,15.84,,,15.89,16.08
2017-07-14,15.0,14.63,15.94,,,15.97,16.15
2017-07-17,14.96,14.85,16.14,,,16.16,16.31
2017-07-18,14.98,14.74,15.96,,,15.98,16.21
2017-07-19,15.0,14.78,15.99,,,16.05,16.27
2017-07-20,15.16,14.92,16.03,,,16.05,16.28
2017-07-21,15.12,14.82,15.82,,,15.82,16.12
2017-07-24,15.0,14.73,15.66,,,15.72,16.04
2017-07-25,14.98,14.88,15.76,,,15.85,16.14
2017-07-26,15.4,15.2,16.02,,,16.02,16.26
2017-07-27,15.15,15.07,15.97,,,15.96,16.21
2017-07-28,15.0,14.93,15.92,,,15.98,16.23
2017-07-31,15.2,14.95,15.95,,,15.98,16.22
2017-08-01,14.9,14.65,15.72,,,15.81,16.07
2017-08-02,14.95,14.78,15.79,,,15.9,16.15
2017-08-03,15.02,14.84,15.89,,,15.95,16.17
2017-08-04,15.18,14.99,16.03,,,16.01,16.18
2017-08-07,15.5,15.31,16.21,,,16.12,16.24
2017-08-08,15.44,15.2,16.14,,,16.11,16.25
2017-08-09,15.94,15.57,16.41,,,16.27,16.37
2017-08-10,16.12,15.79,16.58,,,16.4,16.45
2017-08-11,16.21,16.0,16.78,,,16.48,16.47
2017-08-14,15.9,15.76,16.58,,,16.25,16.27
2017-08-15,15.8,15.64,16.37,,,16.16,16.18
2017-08-16,16.15,16.1,16.71,,,16.35,16.32
2017-08-17,16.2,16.15,16.75,,,16.31,16.27
2017-08-18,16.38,16.13,16.7,,,16.27,16.19
2017-08-21,16.42,16.16,16.66,,,16.18,16.08
2017-08-22,16.3,16.19,16.67,,,16.24,16.1
2017-08-23,16.73,16.39,16.82,,,16.31,16.11
2017-08-24,16.38,16.32,16.8,,,16.23,16.01
2017-08-25,16.5,16.3,16.78,,,16.25,16.11
2017-08-28,16.5,16.34,16.91,,,16.27,
2017-08-29,16.56,16.48,16.9,,,16.29,16.06
2017-08-30,16.77,16.52,16.92,,,16.27,16.05
2017-08-31,16.29,16.42,16.87,,,16.22,16.02
2017-09-01,16.44,16.42,16.86,,,16.27,16.11
2017-09-04,16.5,16.45,16.92,,,16.34,16.16
2017-09-05,16.92,16.84,17.33,,,16.75,16.52
2017-09-06,16.95,16.84,17.4,,,16.9,16.65
2017-09-07,16.79,16.75,17.34,,,16.85,16.61
2017-09-08,17.0,16.81,17.37,,,17.0,16.73
2017-09-11,17.3,17.18,17.73,,,17.25,16.92
2017-09-12,17.29,17.16,17.66,,,17.15,16.85
2017-09-13,17.54,17.32,17.8,,,17.27,16.94
2017-09-14,17.99,17.54,18.04,,,17.4,17.0
2017-09-15,17.79,17.22,17.66,,,17.08,16.71
2017-09-18,17.99,17.1,17.55,,,16.99,16.66
2017-09-19,17.6,17.11,17.61,,,17.02,16.69
2017-09-20,17.4,16.91,17.46,,,16.98,16.71
2017-09-21,17.19,16.76,17.35,,,16.92,16.67
2017-09-22,17.24,16.65,17.23,,,16.83,16.61
2017-09-25,17.8,17.43,17.89,,,17.24,16.89
2017-09-26,17.86,17.33,17.78,,,17.17,16.85
2017-09-27,17.68,17.46,17.83,,,17.16,16.87
2017-09-28,17.68,17.55,17.94,,,17.18,16.87
2017-09-29,16.35,17.11,17.51,,,16.8,16.58
2017-10-02,16.55,17.65,17.88,,,16.89,16.6
2017-10-03,17.39,17.91,18.16,,,17.08,16.7
2017-10-04,17.35,17.93,18.2,,,17.08,16.68
2017-10-05,17.84,18.1,18.33,,,17.18,16.71
2017-10-06,17.74,18.1,18.33,,,17.12,16.61
2017-10-09,18.0,18.2,18.41,,,17.12,16.62
2017-10-10,17.6,18.08,18.29,,,17.1,16.65
2017-10-11,17.21,18.02,18.27,,,17.13,16.73
2017-10-12,16.9,17.89,18.18,,,17.17,16.79
2017-10-13,16.62,17.96,18.29,,,17.33,16.94
2017-10-16,16.26,18.12,18.42,,,17.4,16.98
2017-10-17,16.82,18.09,18.41,,,17.41,16.99
2017-10-18,16.79,18.33,18.59,,,17.49,17.05
2017-10-19,16.55,18.09,18.42,,,17.32,16.89
2017-10-20,16.34,17.78,18.05,,,17.06,16.75
2017-10-23,16.84,17.71,17.99,,,17.05,16.75
2017-10-24,16.49,17.6,17.86,,,17.0,16.74
2017-10-25,16.99,17.74,18.03,,,17.17,16.92
2017-10-26,16.96,17.6,17.98,,,17.19,16.99
2017-10-27,17.08,17.65,18.08,,,17.36,17.19
2017-10-30,17.94,17.64,18.03,,,17.35,17.21
2017-10-31,17.91,18.1,18.22,,,17.48,17.3
2017-11-01,18.32,18.47,18.46,,,17.59,17.32
2017-11-02,18.01,18.48,18.45,,,17.44,17.08
2017-11-03,18.27,18.26,18.24,,,17.29,17.01
2017-11-06,18.99,18.88,18.87,,,17.74,17.34
2017-11-07,19.29,19.23,19.22,,,17.98,17.52
2017-11-08,19.3,19.29,19.28,,,18.05,17.59
2017-11-09,19.36,19.42,19.41,,,18.19,17.76
2017-11-10,19.8,19.7,19.67,,,18.45,18.01
2017-11-13,19.92,19.78,19.78,,,18.45,17.95
2017-11-14,19.36,19.19,19.17,,,18.02,17.63
2017-11-15,19.11,18.99,18.96,,,17.96,17.58
2017-11-16,19.16,19.09,19.13,,,17.99,17.62
2017-11-17,19.05,18.89,18.86,,,17.9,17.59
2017-11-20,19.59,19.38,19.4,,,18.2,17.71
2017-11-21,19.74,19.7,19.72,,,18.42,17.84
2017-11-22,19.61,19.58,19.57,,,18.27,17.73
2017-11-23,20.15,19.98,19.97,,,18.55,17.79
2017-11-24,20.55,20.4,20.37,,,18.58,17.75
2017-11-27,20.9,20.62,20.55,,,18.64,17.73
2017-11-28,20.54,20.17,20.12,,,18.32,17.5
2017-11-29,20.88,20.41,20.22,,,18.45,17.64
2017-11-30,20.84,20.34,20.17,,,18.41,17.62
2017-12-01,20.89,20.78,20.6,,,18.54,17.63
2017-12-04,21.62,21.38,21.15,,,18.74,17.65
2017-12-05,21.42,21.31,21.19,,,18.66,17.5
2017-12-06,21.15,21.21,20.94,,,18.41,17.29
2017-12-07,21.38,21.3,21.03,,,18.41,17.28
2017-12-08,21.0,20.85,20.65,,,18.25,17.27
2017-12-11,21.85,20.93,20.91,,,18.63,17.6
2017-12-12,22.25,21.61,21.48,,,18.76,17.61
2017-12-13,21.61,20.69,20.46,,,18.32,17.4
2017-12-14,21.7,21.18,20.97,,,18.66,17.66
2017-12-15,21.61,20.98,20.76,,,18.64,17.62
2017-12-18,21.15,20.41,20.22,,,18.48,17.6
2017-12-19,20.19,20.04,19.84,,,18.35,17.59
2017-12-20,20.27,20.32,20.09,,,18.53,17.71
2017-12-21,20.29,20.0,19.82,,,18.42,17.65
2017-12-22,19.96,19.64,19.5,,,18.3,17.66
2017-12-25,19.96,,,,,,
2017-12-26,19.96,19.65,19.63,,,18.45,
2017-12-27,19.91,19.25,19.06,,,18.13,17.6
2017-12-28,19.88,19.73,19.54,,,18.39,17.72
2017-12-29,19.38,19.64,18.66,,,18.36,17.71
2018-01-01,19.38,,,,,,
2018-01-02,19.29,19.39,17.68,,,17.66,17.05
2018-01-03,19.0,19.35,17.72,,,17.77,17.14
2018-01-04,19.21,19.19,17.7,,,17.76,17.1
2018-01-05,18.91,18.91,17.56,,,17.69,17.04
2018-01-08,18.96,19.07,17.68,,,17.8,17.15
2018-01-09,19.43,19.54,17.9,,,17.98,17.31
2018-01-10,19.39,19.41,17.98,,,18.08,17.38
2018-01-11,19.29,19.36,17.81,,,17.92,17.09
2018-01-12,19.69,19.82,17.94,,,17.96,17.05
2018-01-15,19.11,19.14,17.65,,,17.78,16.9
2018-01-16,18.82,18.95,17.45,,,17.59,16.65
2018-01-17,18.46,18.45,17.24,,,17.46,16.63
2018-01-18,18.65,18.34,17.27,,,17.54,16.73
2018-01-19,18.24,18.19,17.18,,,17.49,16.7
2018-01-22,18.4,18.54,17.34,,,17.62,16.89
2018-01-23,18.06,18.2,17.15,,,17.48,16.75
2018-01-24,17.82,17.81,16.91,,,17.27,16.62
2018-01-25,17.8,17.83,16.85,,,17.17,16.51
2018-01-26,17.35,17.79,16.7,,,16.98,16.34
2018-01-29,17.38,17.39,16.55,,,16.81,16.21
2018-01-30,17.36,17.38,16.47,,,16.88,16.23
2018-01-31,17.9,17.96,16.83,,,17.02,16.31
2018-02-01,18.12,18.18,16.82,,,16.89,16.23
2018-02-02,18.12,18.14,16.75,,,16.8,16.16
2018-02-05,17.74,17.61,16.4,,,16.56,15.96
2018-02-06,18.01,17.93,16.61,,,16.68,16.04
2018-02-07,18.39,18.18,16.77,,,16.64,16.0
2018-02-08,17.99,17.84,16.57,,,16.49,15.86
2018-02-09,17.84,17.89,16.56,,,16.45,15.85
2018-02-12,18.01,17.97,16.61,,,16.48,15.86
2018-02-13,18.42,18.28,16.77,,,16.51,15.9
2018-02-14,18.16,18.08,16.74,,,16.44,15.88
2018-02-15,17.94,17.79,16.61,,,16.48,15.92
2018-02-16,18.21,18.28,16.8,,,16.62,16.06
2018-02-19,19.56,19.13,17.27,,,16.9,16.25
2018-02-20,20.8,19.84,17.45,,,17.0,16.28
2018-02-21,22.0,19.74,17.4,,,16.99,16.29
2018-02-22,22.72,19.89,17.4,,,17.01,16.3
2018-02-23,26.3,20.53,17.39,,,16.94,16.29
2018-02-26,25.32,18.6,17.02,,,16.84,16.26
2018-02-27,34.88,19.13,17.04,,,16.77,16.16
2018-02-28,44.0,18.73,16.93,,,16.67,16.04
2018-03-01,74.0,17.59,17.0,,,16.65,15.98
2018-03-02,29.0,17.85,17.24,,,16.71,15.92
2018-03-05,20.25,17.52,17.15,,,16.78,16.04
2018-03-06,19.58,17.72,17.29,,,16.84,16.12
2018-03-07,18.7,17.79,17.37,,,16.82,16.09
2018-03-08,19.2,18.34,17.75,,,17.0,16.21
2018-03-09,19.95,18.97,18.15,,,17.01,16.16
2018-03-12,25.69,19.71,18.55,,,17.02,16.12
2018-03-13,24.85,19.44,18.42,,,16.89,15.99
2018-03-14,22.6,18.5,17.87,,,16.77,15.88
2018-03-15,24.55,18.85,18.15,,,16.81,15.91
2018-03-16,20.46,18.66,18.01,,,16.81,15.92
2018-03-19,20.6,18.74,18.14,,,16.81,15.96
2018-03-20,21.48,19.2,18.45,,,17.04,16.12
2018-03-21,21.85,19.39,18.64,,,17.29,16.3
2018-03-22,20.55,18.89,18.38,,,17.18,16.24
2018-03-23,19.65,18.47,18.09,,,17.16,16.24
2018-03-26,18.41,18.03,17.8,,,17.1,16.19
2018-03-27,18.7,18.49,18.24,,,17.35,16.43
2018-03-28,18.5,18.37,18.19,,,17.38,16.51
2018-03-29,19.48,18.44,18.24,,,17.46,16.62
2018-03-30,19.48,,,,,,
2018-04-02,19.48,,18.25,,,17.61,
2018-04-03,18.77,18.04,17.98,,,17.39,16.43
2018-04-04,19.19,18.17,18.04,,,17.37,16.41
2018-04-05,19.01,18.15,17.99,,,17.37,16.46
2018-04-06,18.9,18.19,18.06,,,17.38,16.46
2018-04-09,18.96,18.64,18.47,,,17.59,16.62
2018-04-10,20.31,18.84,18.65,,,17.72,16.73
2018-04-11,19.65,19.25,19.06,,,18.02,17.03
2018-04-12,20.49,19.25,19.08,,,18.06,16.99
2018-04-13,20.26,19.59,19.4,,,18.23,17.12
2018-04-16,19.6,19.34,19.23,,,18.13,16.99
2018-04-17,19.11,19.07,18.86,,,17.88,16.86
2018-04-18,19.18,19.4,19.13,,,18.05,16.82
2018-04-19,19.99,19.83,19.74,,,18.4,16.96
2018-04-20,19.94,19.83,19.7,,,18.32,16.91
2018-04-23,19.85,19.9,19.81,,,18.38,16.92
2018-04-24,19.68,19.68,19.6,,,18.35,16.95
2018-04-25,19.89,19.91,19.79,,,18.47,17.08
2018-04-26,20.18,20.1,20.05,,,18.77,17.32
2018-04-27,20.24,20.25,20.19,,,18.97,17.56
2018-04-30,20.88,20.59,20.54,,,19.18,17.71
2018-05-01,20.19,20.26,20.1,,,18.85,17.44
2018-05-02,20.31,19.99,19.81,,,18.66,17.3
2018-05-03,20.06,20.0,19.92,,,18.77,17.41
2018-05-04,20.16,20.44,20.4,,,19.16,17.81
2018-05-07,20.16,20.62,20.62,,,,
2018-05-08,20.56,20.7,20.56,,,19.26,17.81
2018-05-09,20.64,20.84,20.85,,,19.66,18.15
2018-05-10,21.02,21.01,20.99,,,19.92,18.37
2018-05-11,21.17,21.29,21.27,,,20.21,18.63
2018-05-14,21.57,21.63,21.62,,,20.51,18.92
2018-05-15,21.51,21.52,21.6,,,20.49,18.99
2018-05-16,21.72,21.65,21.69,,,20.69,19.16
2018-05-17,22.3,22.25,22.28,,,21.31,19.66
2018-05-18,22.1,22.09,22.07,,,21.04,19.43
2018-05-21,22.21,22.33,22.38,,,21.32,19.69
2018-05-22,22.89,22.93,22.93,,,21.61,19.82
2018-05-23,22.94,22.71,22.77,,,21.48,19.73
2018-05-24,22.82,22.67,22.71,,,21.23,19.41
2018-05-25,21.81,21.96,21.86,,,20.39,18.59
2018-05-28,21.81,21.55,22.0,,,,
2018-05-29,22.52,22.72,22.68,,,20.56,18.69
2018-05-30,22.8,23.01,22.98,,,20.55,18.67
2018-05-31,22.38,22.45,22.42,,,19.99,18.24
2018-06-01,21.85,21.76,21.78,,,19.94,18.42
2018-06-04,22.22,21.87,21.91,,,19.99,18.41
2018-06-05,21.83,21.45,21.43,,,19.77,18.27
2018-06-06,21.6,21.33,21.33,,,19.79,18.27
2018-06-07,21.75,21.66,21.64,,,20.09,18.58
2018-06-08,21.64,21.54,21.52,,,20.1,18.61
2018-06-11,21.68,21.36,21.38,,,20.01,18.58
2018-06-12,22.0,21.8,21.78,,,20.23,18.69
2018-06-13,22.49,22.38,22.36,,,20.49,18.88
2018-06-14,22.84,22.44,22.35,,,20.4,18.77
2018-06-15,22.0,21.72,21.7,,,19.96,18.49
2018-06-18,22.59,22.15,22.15,,,20.27,18.7
2018-06-19,22.16,21.65,21.67,,,20.0,18.52
2018-06-20,22.06,21.49,21.49,,,19.99,18.58
2018-06-21,21.74,21.6,21.53,,,20.06,18.64
2018-06-22,21.69,21.67,21.63,,,20.15,18.71
2018-06-25,21.69,21.54,21.54,,,20.12,18.72
2018-06-26,21.57,21.55,21.47,,,20.19,18.79
2018-06-27,22.13,22.07,22.01,,,20.64,19.18
2018-06-28,21.95,21.92,21.94,,,20.68,19.24
2018-06-29,21.9,21.85,22.26,,,20.81,19.41
2018-07-02,22.16,22.26,22.87,,,21.02,19.55
2018-07-03,22.3,22.26,22.8,,,20.88,19.36
2018-07-04,22.3,22.32,22.79,,,20.96,19.43
2018-07-05,22.32,22.52,23.01,,,21.18,19.67
2018-07-06,22.25,22.34,22.82,,,20.98,19.48
2018-07-09,22.7,22.71,23.19,,,21.36,19.85
2018-07-10,22.8,22.73,23.24,,,21.41,19.91
2018-07-11,22.45,22.52,23.03,,,21.2,19.7
2018-07-12,21.96,22.01,22.44,,,20.71,19.29
2018-07-13,22.47,22.27,22.75,,,20.97,19.47
2018-07-16,22.07,21.95,22.41,,,20.56,19.15
2018-07-17,21.92,21.84,22.34,,,20.48,19.04
2018-07-18,22.17,22.12,22.57,,,20.63,19.17
2018-07-19,22.18,22.08,22.62,,,20.68,19.24
2018-07-20,21.92,21.86,22.38,,,20.54,19.13
2018-07-23,22.22,22.05,22.56,,,20.74,19.26
2018-07-24,22.2,22.09,22.61,,,20.78,19.37
2018-07-25,22.21,22.16,22.71,,,20.85,19.42
2018-07-26,22.23,22.1,22.72,,,20.91,19.46
2018-07-27,22.07,21.91,22.64,,,20.88,19.44
2018-07-30,22.31,22.04,22.74,,,20.96,19.54
2018-07-31,22.14,22.05,22.58,,,20.79,19.39
2018-08-01,22.01,21.92,22.45,,,20.66,19.23
2018-08-02,22.08,21.98,22.52,,,20.8,19.38
2018-08-03,22.3,22.23,22.79,,,20.96,19.52
2018-08-06,22.44,22.52,23.02,,,21.2,19.78
2018-08-07,22.68,22.61,23.13,,,21.32,19.87
2018-08-08,22.62,22.56,23.12,,,21.19,19.68
2018-08-09,22.59,22.68,23.24,,,21.28,19.7
2018-08-10,22.88,22.93,23.53,,,21.53,19.92
2018-08-13,23.79,23.45,24.07,,,21.94,20.25
2018-08-14,23.48,23.7,24.26,,,22.01,20.29
2018-08-15,23.35,23.51,24.07,,,21.81,20.08
2018-08-16,23.69,23.91,24.44,,,21.94,20.18
2018-08-17,24.1,24.14,24.72,,,22.07,20.23
2018-08-20,24.2,24.2,24.78,,,22.15,20.27
2018-08-21,24.23,24.38,24.96,,,22.22,20.17
2018-08-22,24.7,24.46,25.08,,,22.34,20.17
2018-08-23,24.9,24.78,25.4,,,22.58,20.35
2018-08-24,25.17,24.97,25.58,,,22.78,20.42
2018-08-27,25.17,25.33,26.02,,,,
2018-08-28,25.9,25.38,25.95,,,23.26,20.8
2018-08-29,26.4,25.98,26.42,,,23.73,21.15
2018-08-30,26.3,25.96,26.39,,,23.46,20.82
2018-08-31,25.9,25.86,26.17,,,23.41,20.76
2018-09-03,26.42,26.27,26.5,,,23.72,20.98
2018-09-04,26.8,26.78,26.92,,,24.08,21.21
2018-09-05,27.23,27.07,27.31,,,24.34,21.37
2018-09-06,27.58,27.49,27.74,,,24.64,21.62
2018-09-07,28.23,28.14,28.32,,,25.12,21.96
2018-09-10,29.3,29.13,29.4,,,26.08,22.58
2018-09-11,28.71,28.67,28.98,,,25.71,22.34
2018-09-12,27.6,27.47,27.83,,,25.01,21.92
2018-09-13,26.55,26.72,27.05,,,24.32,21.42
2018-09-14,27.25,27.16,27.44,,,24.7,21.72
2018-09-17,27.6,27.86,28.23,,,24.98,21.83
2018-09-18,27.13,27.4,27.71,,,24.89,21.86
2018-09-19,28.32,28.4,28.69,,,25.67,22.48
2018-09-20,28.23,28.34,28.63,,,25.46,22.3
2018-09-21,28.55,28.74,28.91,,,25.8,22.62
2018-09-24,29.6,29.29,29.48,,,26.31,23.01
2018-09-25,29.35,29.14,29.39,,,26.24,23.0
2018-09-26,28.22,28.11,28.43,,,25.52,22.56
2018-09-27,27.48,27.41,27.77,,,25.08,22.38
2018-09-28,27.08,27.14,27.34,,,25.16,22.71
2018-10-01,27.28,27.57,27.78,,,25.79,23.44
2018-10-02,27.1,27.19,27.35,,,25.35,23.04
2018-10-03,26.85,27.28,27.34,,,25.62,23.31
2018-10-04,27.2,27.64,27.89,,,26.23,23.71
2018-10-05,27.4,27.92,28.23,,,26.29,23.68
2018-10-08,27.15,27.24,27.58,,,25.73,23.15
2018-10-09,26.5,26.79,27.12,,,25.25,22.8
2018-10-10,25.47,26.22,26.56,,,24.81,22.55
2018-10-11,24.75,25.87,26.13,,,24.29,22.06
2018-10-12,25.55,26.51,26.88,,,24.87,22.48
2018-10-15,25.85,26.45,26.87,,,24.79,22.45
2018-10-16,25.72,26.31,26.59,,,24.69,22.35
2018-10-17,25.33,26.16,26.44,,,24.64,22.29
2018-10-18,25.2,25.97,26.31,,,24.41,22.1
2018-10-19,26.32,26.84,27.15,,,25.11,22.56
2018-10-22,25.02,26.1,26.43,,,24.62,22.34
2018-10-23,24.59,25.65,26.03,,,24.42,22.3
2018-10-24,24.94,25.27,25.84,,,24.26,22.25
2018-10-25,24.56,24.77,25.45,,,23.96,22.17
2018-10-26,23.98,24.24,24.84,,,23.44,21.82
2018-10-29,24.39,24.53,25.14,,,23.62,21.89
2018-10-30,23.86,23.86,24.5,,,23.19,21.58
2018-10-31,23.5,23.86,24.34,,,23.02,21.48
2018-11-01,23.33,23.69,23.84,,,22.42,20.86
2018-11-02,23.52,24.18,24.45,,,22.91,21.21
2018-11-05,23.28,23.8,23.89,,,22.53,21.01
2018-11-06,23.2,23.86,24.02,,,22.6,21.04
2018-11-07,24.3,24.5,24.6,,,23.14,21.42
2018-11-08,24.08,24.41,24.46,,,22.88,21.32
2018-11-09,23.84,24.35,24.49,,,22.98,21.4
2018-11-12,25.35,26.06,25.94,,,23.9,21.9
2018-11-13,26.26,26.58,26.5,,,24.02,21.7
2018-11-14,26.49,26.4,26.4,,,23.86,21.35
2018-11-15,26.43,26.56,26.52,,,23.88,21.43
2018-11-16,25.62,25.84,25.82,,,23.45,21.29
2018-11-19,24.28,24.23,24.27,,,22.61,20.88
2018-11-20,24.65,24.39,24.49,,,22.63,20.72
2018-11-21,24.75,24.5,24.6,,,22.58,20.7
2018-11-22,24.75,24.67,24.81,,,22.64,20.82
2018-11-23,24.86,24.88,24.91,,,22.42,20.45
2018-11-26,24.63,24.62,24.7,,,22.5,20.58
2018-11-27,25.12,25.02,25.31,,,23.03,20.94
2018-11-28,24.3,24.3,24.54,,,22.5,20.66
2018-11-29,24.51,24.62,24.86,,,22.69,20.74
2018-11-30,24.18,24.54,24.65,,,22.66,20.76
2018-12-03,24.61,24.96,24.88,,,22.71,20.78
2018-12-04,24.0,24.38,24.37,,,22.59,20.86
2018-12-05,23.45,23.75,23.72,,,22.18,20.64
2018-12-06,22.65,23.17,23.15,,,21.95,20.58
2018-12-07,22.34,23.21,23.23,,,22.19,20.84
2018-12-10,23.11,23.25,23.24,,,22.08,20.71
2018-12-11,23.5,23.59,23.6,,,22.31,20.84
2018-12-12,23.99,24.01,23.98,,,22.78,21.15
2018-12-13,24.17,24.21,24.23,,,22.95,21.28
2018-12-14,24.64,24.62,24.61,,,23.31,21.61
2018-12-17,24.55,24.57,24.62,,,23.32,21.61
2018-12-18,23.78,23.76,23.8,,,22.83,21.23
2018-12-19,24.25,24.3,24.27,,,23.19,21.39
2018-12-20,24.48,24.7,24.54,,,23.14,21.18
2018-12-21,24.5,24.82,24.78,,,23.13,20.93
2018-12-24,24.45,24.24,24.16,,,22.58,20.59
2018-12-25,24.45,,,,,,
2018-12-26,24.45,24.29,,,,,
2018-12-27,23.3,23.32,23.28,,,22.04,20.25
2018-12-28,22.15,22.76,22.72,,,21.68,20.08
2018-12-31,20.7,21.82,21.16,,,21.09,19.75
2019-01-01,20.7,,,,,,
2019-01-02,22.33,22.46,20.68,,,19.91,18.52
2019-01-03,21.77,22.22,20.46,,,19.71,18.36
2019-01-04,22.1,22.88,20.9,,,20.14,18.84
2019-01-07,20.75,21.46,20.17,,,19.8,18.7
2019-01-08,21.73,22.16,20.66,,,20.23,18.99
2019-01-09,21.25,21.69,20.24,,,20.02,18.97
2019-01-10,21.55,21.84,20.27,,,20.12,19.03
2019-01-11,21.5,22.25,20.58,,,20.27,19.15
2019-01-14,21.31,21.7,20.21,,,20.06,19.04
2019-01-15,21.35,22.0,20.53,,,20.29,19.25
2019-01-16,21.72,22.13,20.74,,,20.64,19.49
2019-01-17,22.59,22.95,21.58,,,21.11,19.75
2019-01-18,22.28,22.56,21.46,,,21.3,19.96
2019-01-21,21.65,21.69,21.0,,,21.05,19.83
2019-01-22,21.75,21.79,20.98,,,20.92,19.74
2019-01-23,22.02,22.07,21.26,,,21.12,19.91
2019-01-24,21.25,21.36,20.59,,,20.76,19.69
2019-01-25,20.75,20.95,20.36,,,20.79,19.81
2019-01-28,20.5,20.55,19.99,,,20.49,19.6
2019-01-29,20.52,20.66,20.15,,,20.78,19.88
2019-01-30,20.18,20.19,19.69,,,20.61,19.78
2019-01-31,19.9,19.81,19.43,,,20.54,19.76
2019-02-01,19.23,19.2,19.0,,,20.32,19.61
2019-02-04,19.27,19.29,18.94,,,20.22,19.48
2019-02-05,18.6,18.99,18.74,,,20.09,19.31
2019-02-06,18.9,19.03,18.61,,,20.15,19.44
2019-02-07,18.58,18.88,18.48,,,20.0,19.25
2019-02-08,18.27,18.39,17.99,,,19.75,19.16
2019-02-11,18.18,18.1,17.91,,,19.7,19.08
2019-02-12,17.52,17.79,17.53,,,19.42,18.89
2019-02-13,18.0,18.1,17.91,,,19.82,19.14
2019-02-14,17.75,17.78,17.72,,,19.76,19.02
2019-02-15,17.82,18.1,18.04,,,20.01,19.27
2019-02-18,17.35,17.41,17.51,,,19.72,19.03
2019-02-19,17.77,17.77,17.85,,,20.03,19.32
2019-02-20,18.13,18.14,18.2,,,20.2,19.46
2019-02-21,17.55,17.46,17.75,,,20.03,19.35
2019-02-22,17.0,17.2,17.48,,,19.88,19.26
2019-02-25,16.89,16.97,17.29,,,19.77,19.15
2019-02-26,17.12,17.07,17.33,,,19.84,19.28
2019-02-27,17.77,17.68,17.82,,,20.21,19.73
2019-02-28,17.74,17.74,17.93,,,20.26,19.69
2019-03-01,17.35,17.35,17.48,,,20.08,19.56
2019-03-04,17.58,17.42,17.55,,,20.13,19.7
2019-03-05,17.2,17.22,17.34,,,19.93,19.53
2019-03-06,16.91,16.87,16.98,,,19.61,19.31
2019-03-07,16.75,16.87,16.98,,,19.72,19.39
2019-03-08,16.77,16.74,16.85,,,19.58,19.31
2019-03-11,16.82,16.6,16.71,,,19.42,19.31
2019-03-12,16.52,16.14,16.23,,,19.11,19.08
2019-03-13,16.18,15.71,15.79,,,18.89,18.9
2019-03-14,15.55,15.63,15.66,,,18.69,18.75
2019-03-15,14.8,15.23,15.26,,,18.17,18.32
2019-03-18,15.4,15.14,15.12,,,18.01,18.16
2019-03-19,15.22,14.99,15.04,,,17.96,18.12
2019-03-20,15.02,15.18,15.25,,,18.24,18.39
2019-03-21,14.54,14.55,14.7,,,18.04,18.26
2019-03-22,14.31,14.45,14.57,,,18.09,18.36
2019-03-25,14.18,14.19,14.27,,,17.86,18.17
2019-03-26,14.55,14.52,14.51,,,18.16,18.54
2019-03-27,14.81,14.94,14.96,,,18.57,18.86
2019-03-28,14.3,14.35,14.39,,,18.33,18.73
2019-03-29,14.72,14.28,14.54,,,18.36,18.77
2019-04-01,14.15,13.89,14.44,,,18.25,18.69
2019-04-02,13.71,13.45,14.09,,,18.19,18.7
2019-04-03,14.35,14.21,14.75,,,18.61,18.94
2019-04-04,14.98,14.85,15.35,,,19.26,19.46
2019-04-05,16.53,16.57,17.03,,,20.04,19.92
2019-04-08,15.79,15.85,16.39,,,19.74,19.5
2019-04-09,16.83,16.8,17.19,,,20.28,19.66
2019-04-10,16.3,15.72,16.37,,,20.31,19.59
2019-04-11,16.6,16.05,16.61,,,20.45,19.74
2019-04-12,16.13,15.8,16.41,,,20.27,19.54
2019-04-15,15.17,14.93,15.58,,,19.79,19.21
2019-04-16,15.22,14.94,15.57,,,19.83,19.3
2019-04-17,15.15,15.23,16.0,,,20.2,19.61
2019-04-18,14.66,14.47,15.29,,,19.83,19.36
2019-04-19,14.66,,,,,,
2019-04-22,14.66,14.52,,,,,
2019-04-23,14.44,14.37,15.26,,,20.08,19.67
2019-04-24,14.35,14.21,15.03,,,20.02,19.66
2019-04-25,14.65,14.69,15.28,,,20.27,19.84
2019-04-26,14.18,14.36,14.86,,,19.86,19.44
2019-04-29,14.45,14.46,14.97,,,19.86,19.4
2019-04-30,14.45,14.31,14.97,,,19.57,19.15
2019-05-01,14.32,14.08,14.61,,,19.02,18.73
2019-05-02,14.68,14.41,14.94,,,18.94,18.64
2019-05-03,14.5,14.63,15.09,,,19.45,19.01
2019-05-06,14.5,14.32,14.93,,,19.38,
2019-05-07,14.48,14.14,14.71,,,19.61,19.18
2019-05-08,14.51,14.39,14.88,,,19.62,19.16
2019-05-09,14.58,14.36,14.91,,,19.3,18.77
2019-05-10,14.3,14.03,14.5,,,19.01,18.52
2019-05-13,13.85,13.73,14.23,,,18.95,18.59
2019-05-14,14.02,13.87,14.36,,,19.28,18.9
2019-05-15,13.98,13.82,14.33,,,19.4,18.98
2019-05-16,13.4,13.27,13.77,,,19.07,18.77
2019-05-17,12.95,12.92,13.38,,,18.98,18.77
2019-05-20,12.85,12.89,13.43,,,18.92,18.74
2019-05-21,12.59,12.75,13.21,,,18.88,18.79
2019-05-22,12.78,12.7,13.22,,,19.13,18.99
2019-05-23,12.42,12.44,13.03,,,18.91,18.84
2019-05-24,12.25,12.34,12.83,,,18.83,18.84
2019-05-27,12.25,12.18,12.77,,,,
2019-05-28,12.42,12.45,13.1,,,19.14,19.12
2019-05-29,11.7,12.18,12.89,,,19.08,19.09
2019-05-30,11.3,11.46,12.51,,,18.88,18.91
2019-05-31,10.3,10.9,12.09,,,18.25,18.41
2019-06-03,10.07,11.08,11.85,,,18.04,18.24
2019-06-04,11.26,11.9,12.45,,,18.03,18.27
2019-06-05,10.72,11.67,12.19,,,18.04,18.23
2019-06-06,10.42,11.06,11.8,,,18.02,18.17
2019-06-07,11.08,11.54,12.27,,,18.59,18.59
2019-06-10,11.62,11.75,12.47,,,18.78,18.7
2019-06-11,11.3,11.22,11.9,,,18.19,18.15
2019-06-12,11.1,11.14,11.81,,,18.21,18.14
2019-06-13,11.42,11.37,11.96,,,18.29,18.27
2019-06-14,11.3,11.41,11.98,,,18.18,18.21
2019-06-17,11.52,11.46,12.04,,,18.1,18.1
2019-06-18,11.1,10.97,11.5,,,17.93,18.01
2019-06-19,10.35,10.49,11.03,,,17.74,17.99
2019-06-20,10.18,10.15,10.87,,,18.01,18.36
2019-06-21,10.28,10.43,11.12,,,18.35,18.56
2019-06-24,9.94,10.1,10.89,,,18.4,18.61
2019-06-25,9.38,9.8,10.59,,,18.25,18.48
2019-06-26,9.55,9.64,10.47,,,18.41,18.61
2019-06-27,9.12,9.5,10.14,,,18.13,18.38
2019-06-28,9.3,9.75,13.39,,,17.88,18.14
2019-07-01,10.2,10.36,16.59,,,17.85,18.18
2019-07-02,10.25,10.29,16.24,,,17.51,17.85
2019-07-03,10.32,10.36,16.1,,,17.44,17.83
2019-07-04,10.38,10.53,16.23,,,17.59,17.99
2019-07-05,11.15,11.23,16.43,,,17.85,18.24
2019-07-08,11.87,11.89,16.86,,,18.19,18.49
2019-07-09,11.65,11.51,16.78,,,18.02,18.31
2019-07-10,12.28,12.32,17.54,,,18.77,18.87
2019-07-11,12.62,13.07,18.45,,,19.34,19.16
2019-07-12,12.98,13.35,19.03,,,19.97,19.54
2019-07-15,12.85,12.8,18.3,,,19.24,19.0
2019-07-16,11.15,11.35,17.33,,,18.56,18.47
2019-07-17,11.15,11.12,17.31,,,18.67,18.62
2019-07-18,10.6,10.71,17.18,,,18.46,18.43
2019-07-19,10.88,10.72,17.58,,,18.68,18.44
2019-07-22,10.15,10.2,17.22,,,18.53,18.44
2019-07-23,10.72,10.7,17.47,,,18.71,18.59
2019-07-24,10.28,10.11,16.95,,,18.45,18.47
2019-07-25,9.99,10.01,16.73,,,18.51,18.54
2019-07-26,10.06,10.01,16.44,,,18.38,18.41
2019-07-29,9.5,9.81,16.04,,,18.13,18.24
2019-07-30,9.67,9.92,15.96,,,18.14,18.34
2019-07-31,10.12,10.65,16.15,,,18.23,18.38
2019-08-01,11.3,12.55,17.0,,,18.68,18.62
2019-08-02,11.4,12.0,16.57,,,18.07,18.1
2019-08-05,10.1,11.45,16.15,,,17.82,17.92
2019-08-06,9.35,10.98,15.92,,,17.64,17.88
2019-08-07,9.65,11.37,16.13,,,17.58,17.78
2019-08-08,10.07,12.19,16.6,,,17.7,17.87
2019-08-09,10.32,11.83,16.32,,,17.47,17.7
2019-08-12,10.42,11.36,15.98,,,17.32,17.64
2019-08-13,10.64,11.8,16.31,,,17.6,17.88
2019-08-14,9.65,11.18,16.05,,,17.51,17.81
2019-08-15,9.48,11.16,15.88,,,17.34,17.66
2019-08-16,9.52,11.03,15.82,,,17.29,17.64
2019-08-19,9.48,10.78,15.49,,,17.18,17.58
2019-08-20,9.88,11.24,15.59,,,17.3,17.68
2019-08-21,10.0,11.38,15.59,,,17.35,17.77
2019-08-22,10.1,11.0,15.51,,,17.25,17.73
2019-08-23,9.88,10.53,15.31,,,17.06,17.57
2019-08-26,9.88,10.32,15.23,,,17.08,
2019-08-27,10.18,10.14,14.92,,,16.84,17.43
2019-08-28,10.12,10.32,14.98,,,16.88,17.36
2019-08-29,9.88,10.63,15.59,,,17.04,17.52
2019-08-30,9.2,11.35,15.38,,,17.05,17.57
2019-09-02,7.9,11.87,14.69,,,16.61,17.26
2019-09-03,7.52,12.1,14.73,,,16.62,17.36
2019-09-04,7.5,11.93,14.64,,,16.64,17.41
2019-09-05,8.18,12.27,14.99,,,17.01,17.79
2019-09-06,9.5,12.37,15.1,,,17.02,17.77
2019-09-09,9.5,12.28,15.07,,,17.17,17.94
2019-09-10,10.88,14.45,17.26,,,18.66,18.74
2019-09-11,10.25,14.08,16.85,,,18.2,18.41
2019-09-12,10.82,14.58,16.99,,,18.05,17.99
2019-09-13,10.82,14.56,17.0,,,17.95,17.91
2019-09-16,11.2,15.28,17.98,,,19.23,19.03
2019-09-17,9.65,13.57,16.52,,,18.32,18.38
2019-09-18,9.43,12.57,16.09,,,18.29,18.29
2019-09-19,9.3,12.38,16.05,,,18.34,18.35
2019-09-20,9.51,12.64,16.41,,,18.64,18.65
2019-09-23,9.98,12.27,15.89,,,18.34,18.52
2019-09-24,11.1,12.34,15.87,,,18.24,18.45
2019-09-25,10.18,11.95,15.52,,,17.95,18.21
2019-09-26,10.05,12.11,15.74,,,18.11,18.38
2019-09-27,9.82,11.93,15.6,,,17.97,18.22
2019-09-30,8.4,13.8,16.92,,,17.94,18.21
2019-10-01,9.9,16.58,18.72,,,17.96,18.19
2019-10-02,10.18,15.97,18.1,,,17.47,17.84
2019-10-03,12.05,16.08,18.03,,,17.31,17.72
2019-10-04,11.2,15.78,17.88,,,17.31,17.8
2019-10-07,10.2,15.53,17.78,,,17.28,17.9
2019-10-08,9.5,15.67,17.94,,,17.34,17.93
2019-10-09,8.07,15.73,18.09,,,17.55,18.09
2019-10-10,8.68,15.82,18.24,,,17.68,18.2
2019-10-11,8.93,16.09,18.55,,,18.01,18.54
2019-10-14,10.5,16.0,18.43,,,17.82,18.28
2019-10-15,10.95,16.01,18.35,,,17.77,18.29
2019-10-16,10.6,16.13,18.31,,,17.76,18.25
2019-10-17,9.93,16.0,18.15,,,17.58,18.16
2019-10-18,10.2,15.92,18.0,,,17.45,18.07
2019-10-21,10.0,15.63,17.67,,,17.21,17.88
2019-10-22,10.42,15.58,17.53,,,17.1,17.82
2019-10-23,10.32,15.37,17.31,,,16.96,17.75
2019-10-24,9.83,15.68,17.41,,,17.09,17.89
2019-10-25,10.75,15.24,17.09,,,16.82,17.71
2019-10-28,11.36,14.45,16.91,,,16.73,17.74
2019-10-29,10.32,13.87,16.72,,,16.56,17.66
2019-10-30,10.23,13.76,16.65,,,16.45,17.68
2019-10-31,9.6,14.73,16.69,,,16.45,17.59
2019-11-01,11.45,16.21,16.91,,,16.61,17.61
2019-11-04,13.08,16.57,17.17,,,16.98,17.92
2019-11-05,13.22,16.71,17.3,,,16.94,17.99
2019-11-06,12.98,16.31,16.89,,,16.59,17.79
2019-11-07,13.88,16.16,16.77,,,16.5,17.69
2019-11-08,14.4,15.9,16.58,,,16.27,17.58
2019-11-11,14.62,15.82,16.5,,,16.21,17.51
2019-11-12,14.95,15.52,16.29,,,16.01,17.43
2019-11-13,14.85,15.5,16.27,,,15.99,17.4
2019-11-14,14.62,15.67,16.57,,,16.26,17.57
2019-11-15,15.02,15.73,16.76,,,16.43,17.73
2019-11-18,14.75,15.21,16.37,,,16.07,17.52
2019-11-19,15.09,15.32,16.36,,,16.08,17.49
2019-11-20,15.47,15.55,16.55,,,16.23,17.59
2019-11-21,15.65,15.64,16.61,,,16.36,17.7
2019-11-22,16.05,16.09,16.93,,,16.68,17.98
2019-11-25,16.44,16.33,16.94,,,16.68,18.05
2019-11-26,15.64,15.87,16.56,,,16.38,17.89
2019-11-27,15.81,16.06,16.74,,,16.51,17.98
2019-11-28,15.71,15.7,16.5,,,16.23,17.66
2019-11-29,15.58,16.0,16.38,,,16.06,17.48
2019-12-02,15.41,15.83,15.86,,,15.66,17.18
2019-12-03,15.0,15.77,15.82,,,15.6,17.18
2019-12-04,14.85,15.84,15.88,,,15.64,17.26
2019-12-05,14.0,15.37,15.43,,,15.25,17.02
2019-12-06,13.89,15.08,15.13,,,14.99,16.89
2019-12-09,13.54,14.83,14.87,,,14.78,16.67
2019-12-10,13.42,14.47,14.51,,,14.52,16.5
2019-12-11,13.15,13.97,14.11,,,14.23,16.32
2019-12-12,13.46,14.73,14.85,,,14.83,16.73
2019-12-13,12.95,13.77,13.89,,,14.11,16.46
2019-12-16,12.55,13.91,13.97,,,14.22,16.58
2019-12-17,12.95,14.43,14.51,,,14.66,16.94
2019-12-18,12.59,15.03,15.01,,,15.08,17.24
2019-12-19,12.92,15.05,15.04,,,15.21,17.54
2019-12-20,13.0,14.23,14.33,,,14.78,17.53
2019-12-23,11.36,13.05,13.16,,,13.86,17.1
2019-12-24,11.14,12.62,12.77,,,13.56,16.9
2019-12-25,11.14,,,,,,
2019-12-26,11.14,12.76,,,,,
2019-12-27,12.48,12.75,12.92,,,13.61,16.92
2019-12-30,12.29,12.27,12.43,,,13.04,16.56
2019-12-31,11.8,11.88,11.75,,,12.76,16.37
2020-01-01,11.8,,,,,,
2020-01-02,11.8,12.11,11.5,,,16.31,17.11
2020-01-03,12.7,12.99,12.56,,,16.95,17.62
2020-01-06,12.12,12.26,12.03,,,16.62,17.44
2020-01-07,11.62,11.94,11.66,,,16.42,17.29
2020-01-08,11.58,11.92,11.68,,,16.59,17.48
2020-01-09,11.82,12.06,11.83,,,16.73,17.54
2020-01-10,11.78,11.97,11.67,,,16.71,17.5
2020-01-13,11.89,12.1,11.75,,,16.69,17.45
2020-01-14,11.18,11.31,11.08,,,16.24,17.16
2020-01-15,11.15,11.22,11.05,,,16.23,17.15
2020-01-16,11.09,11.13,10.91,,,15.94,17.01
2020-01-17,10.89,10.9,10.79,,,15.79,16.98
2020-01-20,10.69,10.62,10.54,,,15.33,16.79
2020-01-21,10.94,10.77,10.69,,,15.41,16.82
2020-01-22,10.44,10.43,10.34,,,15.19,16.6
2020-01-23,10.44,10.43,10.31,,,15.12,16.59
2020-01-24,10.52,10.53,10.37,,,15.11,16.49
2020-01-27,10.42,10.54,10.4,,,14.98,16.32
2020-01-28,10.78,10.8,10.76,,,15.18,16.46
2020-01-29,10.14,10.12,10.16,,,14.68,16.0
2020-01-30,9.75,9.86,9.94,,,14.3,15.64
2020-01-31,9.76,9.75,9.9,,,14.05,15.44
2020-02-03,9.4,9.21,9.51,,,13.75,15.18
2020-02-04,9.71,9.41,9.71,,,14.21,15.69
2020-02-05,9.66,9.28,9.61,,,14.49,16.04
2020-02-06,9.26,9.17,9.51,,,14.42,15.96
2020-02-07,9.16,9.08,9.47,,,14.47,16.01
2020-02-10,8.89,8.6,9.12,,,14.19,15.84
2020-02-11,8.98,8.55,9.09,,,14.38,16.04
2020-02-12,9.15,8.76,9.27,,,14.79,16.48
2020-02-13,8.96,8.82,9.41,,,15.01,16.74
2020-02-14,9.04,8.9,9.56,,,15.23,16.9
2020-02-17,9.39,9.42,10.04,,,15.61,17.19
2020-02-18,9.61,9.34,9.92,,,15.21,16.77
2020-02-19,9.79,9.6,9.94,,,15.06,16.62
2020-02-20,9.76,9.57,9.85,,,14.89,16.45
2020-02-21,9.47,9.36,9.63,,,14.65,16.24
2020-02-24,9.16,9.03,9.14,,,14.17,15.87
2020-02-25,9.21,9.01,9.04,,,14.06,15.82
2020-02-26,9.41,9.09,9.14,,,14.16,15.89
2020-02-27,9.16,8.84,8.9,,,13.85,15.52
2020-02-28,9.29,8.93,8.95,,,13.81,15.44
2020-03-02,9.39,8.88,9.04,,,14.02,15.6
2020-03-03,9.49,9.09,9.18,,,14.17,15.73
2020-03-04,9.3,8.83,9.02,,,14.25,15.95
2020-03-05,9.4,8.86,9.0,,,14.19,15.89
2020-03-06,8.86,8.67,8.74,,,13.67,15.37
2020-03-09,8.83,8.61,8.69,,,13.05,14.68
2020-03-10,9.11,9.05,9.08,,,13.41,14.96
2020-03-11,9.3,9.37,9.35,,,13.35,14.71
2020-03-12,9.29,9.3,9.27,,,12.94,14.33
2020-03-13,9.56,9.28,9.23,,,12.98,14.36
2020-03-16,8.87,8.7,8.7,,,12.61,13.99
2020-03-17,8.5,8.48,8.49,,,12.45,13.85
2020-03-18,8.51,8.21,8.28,,,12.02,13.41
2020-03-19,8.69,8.56,8.54,,,12.06,13.42
2020-03-20,8.23,8.35,8.29,,,12.19,13.71
2020-03-23,8.18,7.89,7.9,,,11.96,13.56
2020-03-24,8.14,7.88,7.96,,,12.32,13.99
2020-03-25,8.0,7.77,7.82,,,12.47,14.18
2020-03-26,7.71,7.55,7.61,,,12.3,14.1
2020-03-27,7.42,7.23,7.27,,,12.07,13.95
2020-03-30,7.14,6.86,6.91,,,11.82,13.68
2020-03-31,7.14,6.9,7.3,,,12.09,13.92
2020-04-01,7.04,6.88,7.56,,,12.07,13.88
2020-04-02,7.09,6.89,7.68,,,12.22,14.01
2020-04-03,7.14,6.9,7.73,,,12.41,14.14
2020-04-06,7.1,7.27,8.15,,,12.91,14.48
2020-04-07,7.3,7.32,8.25,,,13.04,14.69
2020-04-08,7.09,7.27,8.18,,,12.94,14.56
2020-04-09,6.92,7.26,8.25,,,13.0,14.61
2020-04-10,6.92,,,,,,
2020-04-13,6.92,7.44,,,,,
2020-04-14,7.06,6.85,7.83,,,12.75,14.36
2020-04-15,6.93,6.68,7.6,,,12.57,14.17
2020-04-16,6.94,7.02,7.95,,,12.96,14.46
2020-04-17,6.35,6.96,8.0,,,13.12,14.56
2020-04-20,6.19,6.62,7.8,,,13.02,14.47
2020-04-21,5.89,6.34,7.55,,,12.72,14.12
2020-04-22,6.06,6.19,7.34,,,12.38,13.76
2020-04-23,5.69,6.03,7.16,,,12.4,13.89
2020-04-24,5.54,5.8,6.91,,,12.23,13.81
2020-04-27,6.04,5.98,6.99,,,12.18,13.71
2020-04-28,6.05,6.1,7.19,,,12.13,13.7
2020-04-29,5.64,5.95,7.08,,,12.03,13.58
2020-04-30,5.42,6.0,7.08,,,12.1,13.58
2020-05-01,5.22,5.81,6.68,,,11.83,13.35
2020-05-04,5.57,5.76,6.63,,,11.94,13.41
2020-05-05,5.26,5.69,6.57,,,12.06,13.48
2020-05-06,5.46,5.76,6.69,,,12.12,13.48
2020-05-07,5.43,5.8,6.7,,,12.28,13.63
2020-05-08,5.43,5.84,6.7,,,12.31,
2020-05-11,5.83,5.66,6.62,,,12.36,13.72
2020-05-12,5.09,5.3,6.23,,,12.12,13.55
2020-05-13,5.05,5.15,6.05,,,12.04,13.47
2020-05-14,4.89,5.29,6.19,,,12.3,13.7
2020-05-15,4.78,5.21,6.1,,,12.33,13.84
2020-05-18,4.5,4.87,5.87,,,12.46,14.03
2020-05-19,4.3,4.61,5.62,,,12.46,14.08
2020-05-20,3.9,4.45,5.47,,,12.48,14.14
2020-05-21,3.08,3.9,4.93,,,12.22,14.06
2020-05-22,3.67,3.97,5.1,,,12.09,13.96
2020-05-25,3.67,4.9,5.74,,,,
2020-05-26,4.04,4.09,5.18,,,12.28,14.07
2020-05-27,3.51,3.75,4.83,,,12.05,13.94
2020-05-28,3.36,3.65,4.72,,,11.92,13.85
2020-05-29,3.52,4.01,5.05,,,11.96,13.7
2020-06-01,3.59,4.17,4.71,,,11.79,13.68
2020-06-02,4.37,4.87,5.38,,,12.1,13.96
2020-06-03,4.9,5.34,5.83,,,12.09,13.94
2020-06-04,4.56,5.32,5.78,,,12.11,13.96
2020-06-05,4.9,5.64,6.12,,,12.44,14.18
2020-06-08,4.97,5.22,5.74,,,12.24,14.06
2020-06-09,4.77,4.84,5.39,,,12.16,14.09
2020-06-10,4.62,4.81,5.34,,,12.17,14.09
2020-06-11,4.75,5.01,5.47,,,12.02,13.88
2020-06-12,4.95,5.24,5.67,,,11.88,13.81
2020-06-15,5.4,5.43,5.83,,,11.87,13.81
2020-06-16,5.12,5.21,5.62,,,12.01,13.99
2020-06-17,5.08,5.26,5.65,,,12.09,14.08
2020-06-18,5.2,5.47,5.87,,,12.32,14.3
2020-06-19,5.38,5.61,6.06,,,12.49,14.37
2020-06-22,5.32,5.48,5.91,,,12.34,14.22
2020-06-23,5.8,5.82,6.21,,,12.54,14.32
2020-06-24,5.6,5.66,6.04,,,12.37,14.1
2020-06-25,5.03,5.26,5.69,,,12.18,13.99
2020-06-26,4.97,5.16,5.64,,,12.24,14.11
2020-06-29,5.68,5.82,6.18,,,12.42,14.24
2020-06-30,5.55,5.96,8.36,,,12.48,14.29
2020-07-01,5.62,5.84,10.45,,,12.39,14.22
2020-07-02,5.16,5.94,10.59,,,12.57,14.39
2020-07-03,4.76,6.01,10.77,,,12.69,14.51
2020-07-06,5.42,6.08,11.06,,,13.05,14.85
2020-07-07,5.5,6.14,11.2,,,13.16,14.98
2020-07-08,5.32,6.0,11.1,,,13.08,14.91
2020-07-09,4.82,5.75,11.04,,,13.06,14.91
2020-07-10,4.78,5.45,10.9,,,12.98,14.81
2020-07-13,4.32,5.1,10.86,,,13.01,14.82
2020-07-14,4.2,5.13,10.68,,,12.87,14.7
2020-07-15,4.7,5.24,10.58,,,12.85,14.72
2020-07-16,4.35,5.05,10.35,,,12.74,14.62
2020-07-17,4.88,5.11,10.35,,,12.77,14.65
2020-07-20,4.43,4.74,9.75,,,12.27,14.24
2020-07-21,4.65,4.8,9.88,,,12.4,14.36
2020-07-22,4.8,4.87,9.93,,,12.28,14.18
2020-07-23,4.82,5.02,9.98,,,12.29,14.21
2020-07-24,4.66,4.98,9.86,,,12.11,14.03
2020-07-27,4.35,4.8,9.69,,,11.87,13.81
2020-07-28,4.58,4.96,9.9,,,12.07,14.0
2020-07-29,4.57,5.19,10.05,,,12.14,13.99
2020-07-30,4.9,5.14,9.95,,,11.89,13.7
2020-07-31,5.18,5.66,9.97,,,11.88,13.71
2020-08-03,6.52,6.88,10.5,,,12.2,13.96
2020-08-04,6.58,7.25,10.68,,,12.28,14.06
2020-08-05,6.63,7.31,10.85,,,12.58,14.26
2020-08-06,7.14,7.91,11.14,,,12.72,14.36
2020-08-07,7.04,7.93,11.09,,,12.63,14.16
2020-08-10,6.93,7.58,10.97,,,12.63,14.25
2020-08-11,6.62,7.49,10.97,,,12.71,14.34
2020-08-12,6.29,7.18,10.84,,,12.62,14.21
2020-08-13,6.71,7.3,11.07,,,12.73,14.31
2020-08-14,7.15,8.13,11.5,,,12.98,14.43
2020-08-17,7.46,8.21,11.52,,,12.87,14.39
2020-08-18,8.22,8.65,11.86,,,13.12,14.5
2020-08-19,7.85,8.33,11.76,,,13.1,14.49
2020-08-20,7.27,8.12,11.7,,,13.11,14.53
2020-08-21,6.55,7.56,11.31,,,12.81,14.3
2020-08-24,7.9,8.36,11.82,,,13.2,14.66
2020-08-25,8.51,8.88,12.21,,,13.56,14.92
2020-08-26,8.85,9.2,12.45,,,13.75,15.02
2020-08-27,8.8,8.94,12.14,,,13.61,15.02
2020-08-28,9.7,10.46,12.82,,,14.05,15.28
2020-08-31,10.47,10.77,12.85,,,13.91,
2020-09-01,10.78,11.31,12.92,,,14.07,15.22
2020-09-02,10.45,11.09,12.68,,,13.82,15.1
2020-09-03,11.15,11.79,13.15,,,13.97,15.11
2020-09-04,11.6,11.74,13.02,,,13.82,14.92
2020-09-07,11.12,11.28,12.45,,,13.41,14.56
2020-09-08,11.0,10.84,12.18,,,13.16,14.3
2020-09-09,10.8,10.79,12.09,,,13.08,14.25
2020-09-10,10.45,10.47,11.97,,,13.05,14.22
2020-09-11,10.47,10.5,12.03,,,13.15,14.31
2020-09-14,10.42,10.75,12.25,,,13.38,14.46
2020-09-15,10.58,10.91,12.38,,,13.4,14.42
2020-09-16,11.16,11.37,12.74,,,13.64,14.62
2020-09-17,11.08,11.26,12.53,,,13.59,14.61
2020-09-18,10.9,11.44,12.72,,,13.67,14.68
2020-09-21,11.41,11.46,12.55,,,13.34,14.46
2020-09-22,11.4,11.65,12.67,,,13.44,14.55
2020-09-23,11.65,11.98,12.92,,,13.57,14.65
2020-09-24,11.37,11.7,12.75,,,13.47,14.56
2020-09-25,11.54,11.71,12.86,,,13.6,14.66
2020-09-28,12.4,12.34,13.45,,,13.99,14.98
2020-09-29,12.12,12.47,13.24,,,13.72,14.63
2020-09-30,12.42,12.46,13.53,,,13.71,14.63
2020-10-01,12.0,13.2,13.65,,,13.38,14.38
2020-10-02,12.2,13.01,13.45,,,13.16,14.18
2020-10-05,13.12,13.43,13.82,,,13.49,14.44
2020-10-06,12.75,13.25,13.76,,,13.42,14.43
2020-10-07,13.49,13.75,14.2,,,13.75,14.52
2020-10-08,13.7,13.92,14.44,,,14.03,14.73
2020-10-09,13.82,13.8,14.26,,,13.86,14.61
2020-10-12,13.78,13.83,14.19,,,13.72,14.49
2020-10-13,13.4,13.56,14.01,,,13.61,14.44
2020-10-14,13.9,13.94,14.36,,,13.87,14.53
2020-10-15,14.38,14.19,14.61,,,13.92,14.47
2020-10-16,14.59,14.5,14.9,,,14.18,14.66
2020-10-19,14.98,14.77,15.22,,,14.42,14.73
2020-10-20,14.7,14.88,15.23,,,14.39,14.66
2020-10-21,14.88,14.86,15.15,,,14.28,14.46
2020-10-22,15.3,15.3,15.52,,,14.64,14.63
2020-10-23,15.33,15.38,15.64,,,14.72,14.68
2020-10-26,14.9,14.8,15.03,,,14.26,14.43
2020-10-27,14.9,14.8,15.02,,,14.45,14.57
2020-10-28,14.15,14.44,14.65,,,13.97,14.26
2020-10-29,13.82,14.23,14.44,,,13.83,14.11
2020-10-30,13.31,14.03,14.15,,,13.58,13.98
2020-11-02,13.1,13.68,13.74,,,13.31,13.9
2020-11-03,13.78,13.71,13.85,,,13.52,14.18
2020-11-04,13.8,13.97,14.09,,,13.71,14.3
2020-11-05,14.32,14.36,14.6,,,13.97,14.39
2020-11-06,13.38,13.9,14.12,,,13.61,14.15
2020-11-09,13.89,13.88,14.12,,,13.78,14.47
2020-11-10,14.05,14.07,14.29,,,13.91,14.52
2020-11-11,13.98,14.11,14.32,,,13.94,14.49
2020-11-12,13.88,14.05,14.22,,,13.85,14.39
2020-11-13,13.89,14.28,14.45,,,13.92,14.37
2020-11-16,14.15,14.47,14.56,,,13.93,14.37
2020-11-17,13.58,13.89,14.08,,,13.61,14.25
2020-11-18,13.18,13.64,13.82,,,13.38,14.14
2020-11-19,12.85,12.99,13.2,,,12.93,13.94
2020-11-20,12.7,12.92,13.13,,,12.86,13.94
2020-11-23,13.52,13.59,13.72,,,13.27,14.13
2020-11-24,13.9,13.9,14.04,,,13.47,14.28
2020-11-25,13.98,13.86,14.01,,,13.47,14.24
2020-11-26,14.12,14.01,14.06,,,13.58,14.29
2020-11-27,14.5,14.5,14.5,,,13.78,14.4
2020-11-30,15.1,15.0,15.07,,,14.27,14.59
2020-12-01,14.98,14.9,14.77,,,13.99,14.4
2020-12-02,14.85,14.95,14.85,,,14.02,14.4
2020-12-03,13.96,14.05,14.02,,,13.4,14.1
2020-12-04,14.62,14.61,14.53,,,13.76,14.32
2020-12-07,14.25,14.27,14.24,,,13.52,14.21
2020-12-08,14.42,14.42,14.35,,,13.58,14.24
2020-12-09,14.82,14.76,14.64,,,13.89,14.38
2020-12-10,15.55,15.55,15.46,,,14.52,14.66
2020-12-11,15.95,15.9,15.83,,,14.83,14.84
2020-12-14,16.73,16.53,16.5,,,15.32,15.12
2020-12-15,17.17,17.19,17.09,,,15.79,15.4
2020-12-16,16.15,16.33,16.19,,,15.1,14.93
2020-12-17,15.82,16.1,15.8,,,14.92,14.92
2020-12-18,15.7,15.88,15.73,,,14.95,15.1
2020-12-21,16.73,16.87,16.69,,,15.6,15.4
2020-12-22,17.45,17.59,17.45,,,16.14,15.64
2020-12-23,17.1,17.46,17.27,,,16.07,15.55
2020-12-24,17.6,17.62,17.57,,,16.29,15.65
2020-12-25,17.6,,,,,15.7,
2020-12-28,19.25,19.08,,,,16.18,15.81
2020-12-29,19.2,18.83,18.62,,,17.06,15.91
2020-12-30,18.95,18.95,18.66,,,16.97,15.86
2020-12-31,19.15,19.1,17.69,,,17.26,16.06
2021-01-01,19.15,,,,,15.25,
2021-01-04,19.88,19.8,16.68,,,16.12,15.19
2021-01-05,18.05,18.1,15.93,,,15.76,15.05
2021-01-06,17.66,17.53,15.71,,,15.6,15.02
2021-01-07,19.57,19.38,16.67,,,16.12,15.31
2021-01-08,20.4,20.36,16.95,,,16.4,15.43
2021-01-11,22.48,22.36,17.48,,,16.56,15.52
2021-01-12,26.78,25.66,18.07,,,16.87,15.66
2021-01-13,22.56,22.0,16.99,,,16.32,15.46
2021-01-14,21.33,21.32,16.71,,,16.31,15.45
2021-01-15,20.38,20.11,16.2,,,16.08,15.33
2021-01-18,19.13,18.99,15.9,,,16.05,15.36
2021-01-19,20.24,20.37,16.81,,,16.62,15.62
2021-01-20,19.92,20.13,16.72,,,16.59,15.61
2021-01-21,19.85,19.98,16.83,,,16.59,15.53
2021-01-22,21.58,21.57,17.25,,,16.69,15.48
2021-01-25,20.39,20.21,16.7,,,16.4,15.31
2021-01-26,19.69,19.6,16.63,,,16.41,15.36
2021-01-27,19.72,19.63,16.85,,,16.5,15.46
2021-01-28,20.84,21.04,17.29,,,16.72,15.54
2021-01-29,20.11,19.96,16.91,,,16.59,15.49
2021-02-01,17.83,18.12,16.42,,,16.42,15.41
2021-02-02,18.1,18.32,16.54,,,16.47,15.48
2021-02-03,17.93,17.73,16.53,,,16.76,15.85
2021-02-04,18.12,18.04,16.72,,,16.79,15.89
2021-02-05,18.45,18.4,17.02,,,17.13,16.24
2021-02-08,20.76,19.95,17.85,,,17.56,16.5
2021-02-09,19.83,19.17,17.6,,,17.42,16.39
2021-02-10,19.13,18.41,17.33,,,17.32,16.33
2021-02-11,18.04,17.49,16.66,,,16.94,16.1
2021-02-12,17.73,17.71,16.76,,,16.94,16.06
2021-02-15,16.42,16.44,16.23,,,16.7,15.96
2021-02-16,16.61,16.72,16.31,,,16.77,16.02
2021-02-17,16.42,16.53,16.11,,,16.65,16.02
2021-02-18,17.11,17.31,16.75,,,16.94,16.16
2021-02-19,16.53,16.5,16.2,,,16.6,15.95
2021-02-22,15.89,15.92,15.74,,,16.34,15.85
2021-02-23,15.93,16.32,16.07,,,16.64,16.05
2021-02-24,16.23,16.31,16.17,,,16.76,16.26
2021-02-25,15.91,15.87,15.7,,,16.51,16.12
2021-02-26,15.82,15.81,15.62,,,16.46,16.09
2021-03-01,16.36,16.07,15.96,,,16.71,16.2
2021-03-02,16.12,15.83,15.7,,,16.51,16.06
2021-03-03,15.99,15.55,15.43,,,16.44,16.05
2021-03-04,16.39,15.91,15.85,,,16.67,16.22
2021-03-05,16.67,16.39,16.33,,,17.06,16.44
2021-03-08,16.75,16.23,16.12,,,17.01,16.48
2021-03-09,17.32,17.0,16.87,,,17.33,16.59
2021-03-10,17.86,17.65,17.52,,,17.69,16.68
2021-03-11,18.15,18.09,18.02,,,17.92,16.79
2021-03-12,18.61,18.47,18.32,,,18.06,16.77
2021-03-15,18.41,17.89,17.9,,,17.91,16.71
2021-03-16,17.94,17.45,17.49,,,17.66,16.6
2021-03-17,18.62,18.06,17.93,,,17.87,16.72
2021-03-18,17.75,17.58,17.6,,,17.62,16.61
2021-03-19,17.74,17.27,17.21,,,17.44,16.52
2021-03-22,18.54,18.08,17.97,,,17.91,16.84
2021-03-23,18.56,18.37,18.26,,,17.92,16.84
2021-03-24,18.72,18.43,18.4,,,17.96,16.92
2021-03-25,18.17,18.32,18.21,,,17.7,16.64
2021-03-26,18.49,18.72,18.55,,,17.97,16.86
2021-03-29,18.39,18.4,18.33,,,17.8,16.86
2021-03-30,18.74,18.85,18.67,,,17.96,16.86
2021-03-31,19.05,18.96,18.94,,,18.07,16.98
2021-04-01,19.17,19.13,19.03,,,18.04,16.94
2021-04-02,19.15,,,,,16.95,
2021-04-05,19.15,19.09,,,,16.95,16.47
2021-04-06,20.38,19.73,19.6,,,18.31,17.08
2021-04-07,20.0,19.31,19.16,,,18.02,16.91
2021-04-08,19.5,19.0,18.91,,,17.84,16.79
2021-04-09,19.48,19.01,18.81,,,17.8,16.74
2021-04-12,20.71,19.69,19.51,,,18.15,16.97
2021-04-13,20.37,19.53,19.36,,,17.92,16.84
2021-04-14,20.41,19.72,19.51,,,18.08,16.98
2021-04-15,20.74,20.2,20.11,,,18.41,17.13
2021-04-16,21.0,20.58,20.35,,,18.54,17.16
2021-04-19,21.5,20.97,20.78,,,18.74,17.23
2021-04-20,21.5,21.07,20.82,,,18.72,17.26
2021-04-21,21.37,21.18,20.91,,,18.81,17.27
2021-04-22,21.71,21.28,21.1,,,18.9,17.31
2021-04-23,20.17,19.85,19.79,,,18.38,17.12
2021-04-26,20.31,20.02,19.86,,,18.35,17.04
2021-04-27,21.75,21.52,21.25,,,18.9,17.22
2021-04-28,21.84,21.63,21.36,,,19.01,17.29
2021-04-29,22.77,22.42,22.21,,,19.48,17.63
2021-04-30,23.48,23.12,,,,19.86,17.68
2021-05-03,24.18,23.85,23.65,,,20.21,17.26
2021-05-04,23.93,23.05,,,,20.03,17.86
2021-05-05,24.73,23.94,23.73,,,20.45,18.08
2021-05-06,24.97,24.32,24.16,,,20.74,18.27
2021-05-07,23.99,24.1,23.82,,,20.83,18.33
2021-05-10,25.24,25.1,24.91,,,21.48,18.68
2021-05-11,26.04,25.95,,,,22.02,18.98
2021-05-12,26.2,26.21,26.02,,,22.34,19.21
2021-05-13,26.34,26.21,25.89,,,22.09,18.92
2021-05-14,27.1,26.74,26.5,,,22.42,19.18
2021-05-17,26.71,25.96,25.86,,,22.06,19.05
2021-05-18,25.48,24.66,24.41,,,21.14,18.56
2021-05-19,22.96,23.01,22.3,,,19.63,17.65
2021-05-20,24.7,24.58,24.33,,,20.8,18.35
2021-05-21,24.76,24.84,24.39,,,20.68,18.15
2021-05-24,24.77,24.7,24.37,,,20.68,18.07
2021-05-25,26.32,25.91,25.9,,,21.46,18.24
2021-05-26,26.52,26.16,26.03,,,21.48,18.22
2021-05-27,25.3,25.12,24.77,,,20.79,17.94
2021-05-28,25.33,24.99,24.77,,,20.8,17.84
2021-05-31,25.4,25.16,,,,21.26,17.41
2021-06-01,26.11,25.89,,,,21.02,18.04
2021-06-02,25.5,25.76,25.52,,,20.67,17.75
2021-06-03,25.81,25.69,25.62,,,20.77,17.84
2021-06-04,25.86,25.82,25.67,,,20.8,17.92
2021-06-07,26.67,26.62,26.36,,,21.32,18.18
2021-06-08,28.24,27.73,27.64,,,21.83,18.43
2021-06-09,27.95,28.14,28.04,,,22.09,18.58
2021-06-10,28.09,28.19,28.24,,,22.27,18.71
2021-06-11,27.91,28.0,27.68,,,22.08,18.66
2021-06-14,29.01,28.75,28.54,,,22.34,18.77
2021-06-15,28.05,28.06,27.89,,,21.89,18.48
2021-06-16,28.14,28.04,27.94,,,21.9,18.36
2021-06-17,28.44,28.25,28.25,,,22.1,18.54
2021-06-18,29.55,29.5,29.3,,,22.76,18.89
2021-06-21,29.85,29.56,29.4,,,22.78,18.91
2021-06-22,31.31,30.82,30.62,,,23.55,19.24
2021-06-23,31.88,31.55,31.31,,,23.86,19.36
2021-06-24,31.93,31.8,31.78,,,24.14,19.41
2021-06-25,32.19,32.37,32.13,,,24.43,19.54
2021-06-28,32.22,32.39,32.07,,,24.32,19.47
2021-06-29,33.69,33.53,33.27,,,24.91,19.54
2021-06-30,35.32,34.91,34.72,,,25.5,19.78
2021-07-01,36.52,36.02,35.97,,,25.88,19.71
2021-07-02,36.11,35.79,35.88,,,25.74,19.6
2021-07-05,37.83,37.99,37.93,,,26.48,19.7
2021-07-06,33.89,33.65,33.98,16.2,,24.89,19.21
2021-07-07,32.69,32.67,32.5,15.96,,24.5,19.2
2021-07-08,33.95,33.36,33.63,16.14,,25.28,19.47
2021-07-09,36.82,36.74,37.02,16.63,,26.38,19.7
2021-07-12,34.73,34.52,34.82,16.24,,25.39,19.43
2021-07-13,35.39,35.33,35.52,16.39,,25.7,19.48
2021-07-14,34.09,34.12,34.55,16.23,,25.14,19.36
2021-07-15,33.9,33.95,33.81,16.14,,24.74,19.33
2021-07-16,35.18,35.12,35.03,16.22,,25.12,19.35
2021-07-19,36.16,35.85,35.8,16.13,,25.22,19.26
2021-07-20,35.32,35.23,35.37,16.08,,24.98,19.21
2021-07-21,36.07,35.87,35.95,16.23,,25.26,19.38
2021-07-22,35.83,35.79,36.03,16.31,,25.19,19.32
2021-07-23,35.61,35.47,35.55,16.37,,25.34,19.56
2021-07-26,36.92,36.97,37.0,16.58,,25.84,19.75
2021-07-27,37.81,37.61,37.52,16.77,,26.0,19.83
2021-07-28,39.75,39.77,39.64,17.28,,27.04,20.2
2021-07-29,41.24,41.18,40.91,17.38,,27.52,20.32
2021-07-30,40.54,40.63,40.64,17.32,,27.53,20.4
2021-08-02,42.1,42.15,41.8,17.45,,27.69,20.28
2021-08-03,41.19,41.37,41.07,17.4,,27.67,20.44
2021-08-04,41.75,42.23,41.93,17.66,,28.45,20.71
2021-08-05,42.53,43.0,42.83,17.95,,29.49,21.16
2021-08-06,42.81,43.16,43.06,18.21,,30.13,21.48
2021-08-09,42.85,43.09,43.09,18.16,,30.25,21.39
2021-08-10,44.44,44.6,44.6,18.58,,31.09,21.81
2021-08-11,46.16,46.29,46.26,19.05,,32.31,22.6
2021-08-12,45.58,45.73,46.0,19.29,,32.31,22.63
2021-08-13,44.21,44.64,44.9,19.2,,32.16,22.64
2021-08-16,47.69,47.92,48.06,19.81,,33.63,23.02
2021-08-17,46.41,46.72,46.97,19.65,,33.07,22.85
2021-08-18,44.88,45.12,45.22,17.58,,31.91,22.65
2021-08-19,40.22,40.7,40.54,17.11,,29.38,21.65
2021-08-20,41.56,41.76,42.07,17.18,,30.28,22.19
2021-08-23,42.13,42.14,42.63,17.13,,30.98,22.58
2021-08-24,45.28,45.22,45.54,17.47,,31.99,22.99
2021-08-25,45.12,45.14,45.84,17.36,,31.91,22.88
2021-08-26,45.38,45.84,46.26,17.35,,31.97,22.82
2021-08-27,47.75,47.75,48.23,17.76,,32.75,23.12
2021-08-30,49.25,49.43,49.78,17.96,,33.13,21.37
2021-08-31,50.24,50.14,50.74,17.99,,33.75,23.4
2021-09-01,50.42,50.1,50.08,17.96,,33.24,23.28
2021-09-02,51.37,51.55,51.95,18.01,,34.2,23.59
2021-09-03,51.21,51.63,51.65,17.85,,34.34,23.63
2021-09-06,52.15,52.66,52.88,17.83,,35.0,23.89
2021-09-07,53.52,53.79,54.13,17.84,,35.58,23.9
2021-09-08,54.76,55.21,55.5,18.22,,37.0,24.22
2021-09-09,56.23,56.75,56.82,18.0,,37.69,24.43
2021-09-10,58.02,57.85,58.1,18.08,,37.62,24.3
2021-09-13,61.51,61.64,61.52,18.2,,38.98,24.57
2021-09-14,65.86,66.28,66.02,18.51,,40.65,25.04
2021-09-15,68.02,68.13,70.43,18.81,,41.9,25.44
2021-09-16,61.32,63.05,62.28,18.55,,38.91,24.89
2021-09-17,65.38,65.63,65.63,18.84,,40.38,25.1
2021-09-20,73.32,74.46,74.62,19.1,,42.6,25.38
2021-09-21,72.22,73.22,73.44,19.15,,42.43,25.46
2021-09-22,69.76,70.8,71.39,19.39,,42.37,25.97
2021-09-23,67.22,70.2,69.58,19.78,,42.77,26.72
2021-09-24,68.31,70.82,70.66,20.55,,44.56,28.18
2021-09-27,75.46,76.82,77.22,20.58,,48.85,29.66
2021-09-28,78.54,78.93,79.44,20.59,,49.21,29.7
2021-09-29,80.94,86.55,86.04,21.29,,52.29,30.62
2021-09-30,91.32,94.39,93.41,21.88,,55.35,31.11
2021-10-01,87.74,92.31,91.36,21.74,,56.28,31.68
2021-10-04,88.72,95.83,94.01,22.45,,58.48,32.89
2021-10-05,115.04,116.76,115.26,22.82,,66.13,34.22
2021-10-06,101.49,111.1,105.94,21.5,,57.87,31.16
2021-10-07,92.34,99.29,95.18,21.51,,53.31,30.62
2021-10-08,80.0,85.68,84.63,21.35,,49.04,30.13
2021-10-11,82.96,84.48,82.37,21.2,,49.44,30.38
2021-10-12,85.08,86.67,84.4,21.34,,51.36,30.99
2021-10-13,91.41,93.93,91.85,20.94,,53.2,30.81
2021-10-14,99.92,99.84,99.79,21.67,,57.99,32.3
2021-10-15,88.58,91.02,89.36,22.31,,54.62,32.45
2021-10-18,86.2,92.22,90.75,21.87,,55.74,33.21
2021-10-19,84.82,90.69,89.22,21.61,,56.03,33.06
2021-10-20,90.92,93.09,92.11,21.63,,56.71,33.27
2021-10-21,86.43,88.11,86.46,21.45,,54.13,32.66
2021-10-22,86.57,87.74,85.47,21.71,22.89,54.18,32.82
2021-10-25,88.89,88.4,86.29,21.92,23.19,55.14,33.33
2021-10-26,87.58,88.65,86.14,21.94,23.2,55.64,33.54
2021-10-27,84.95,85.66,83.74,21.84,23.11,54.98,33.15
2021-10-28,74.17,75.84,73.17,21.91,23.12,50.36,31.71
2021-10-29,61.23,64.48,62.12,21.94,23.1,45.85,31.06
2021-11-01,64.14,66.88,62.81,21.8,22.98,44.63,30.33
2021-11-02,68.07,69.38,66.46,22.06,23.23,46.9,30.95
2021-11-03,77.78,76.62,75.52,22.08,23.23,51.42,32.02
2021-11-04,71.98,73.76,70.92,21.88,23.07,48.56,31.24
2021-11-05,73.09,73.96,71.21,21.94,23.16,47.93,31.02
2021-11-08,77.26,78.71,75.78,22.08,23.2,50.11,31.76
2021-11-09,71.35,71.29,69.13,21.8,22.98,46.1,30.21
2021-11-10,70.25,70.84,68.12,22.09,23.18,47.36,30.92
2021-11-11,74.01,74.9,72.44,22.21,23.37,47.99,30.95
2021-11-12,74.02,75.34,72.97,22.28,23.48,48.02,30.96
2021-11-15,79.54,80.77,77.91,22.41,23.56,50.08,31.38
2021-11-16,93.7,94.09,91.4,22.88,23.75,55.43,32.62
2021-11-17,93.92,95.25,91.54,22.96,23.76,55.3,32.69
2021-11-18,91.68,93.83,91.04,23.21,24.01,55.35,33.04
2021-11-19,86.83,86.81,84.41,22.91,23.91,52.79,32.4
2021-11-22,84.29,84.51,82.11,22.69,23.66,52.05,32.02
2021-11-23,91.16,90.91,88.37,22.89,23.92,54.61,32.76
2021-11-24,93.89,93.72,91.39,23.57,24.54,56.45,34.0
2021-11-25,92.24,93.35,90.68,24.04,24.98,56.46,34.73
2021-11-26,87.61,88.14,85.2,23.32,24.28,53.53,33.33
2021-11-29,93.5,93.97,91.1,23.99,24.86,56.02,34.34
2021-11-30,91.18,93.96,89.21,23.92,24.78,55.09,34.13
2021-12-01,96.85,94.71,92.83,24.28,25.11,56.95,34.72
2021-12-02,92.79,93.27,91.14,24.19,25.06,56.56,34.73
2021-12-03,89.58,89.51,86.96,24.33,25.19,56.98,35.29
2021-12-06,88.56,89.71,87.34,24.78,25.67,59.34,36.4
2021-12-07,96.0,95.44,93.41,25.54,26.46,65.87,38.81
2021-12-08,101.06,102.18,99.38,25.87,26.62,74.27,41.88
2021-12-09,101.02,101.0,97.98,24.89,25.72,71.77,39.92
2021-12-10,104.17,105.56,102.45,25.25,25.93,77.02,41.62
2021-12-13,115.92,116.04,113.29,25.55,26.42,82.47,42.86
2021-12-14,127.34,128.1,123.88,25.06,25.99,84.72,42.14
2021-12-15,128.38,130.99,126.14,25.12,26.1,83.5,41.63
2021-12-16,134.87,139.28,132.64,26.15,27.14,89.31,44.45
2021-12-17,136.17,135.91,130.96,26.35,27.39,93.17,46.04
2021-12-20,148.74,147.16,142.13,26.73,27.7,104.89,50.75
2021-12-21,182.7,180.63,175.67,26.26,27.39,138.48,60.06
2021-12-22,168.89,169.19,166.54,25.57,26.48,138.02,60.26
2021-12-23,125.39,129.79,127.41,25.61,26.75,109.77,53.23
2021-12-24,105.7,106.23,103.73,25.66,26.65,90.35,47.86
2021-12-27,102.0,106.05,,25.82,26.92,48.72,38.88
2021-12-28,98.61,106.2,,26.06,27.06,49.04,39.33
2021-12-29,91.88,96.49,95.46,26.06,27.02,89.24,49.34
2021-12-30,78.5,86.81,85.2,25.16,26.08,77.91,45.78
2021-12-31,71.4,69.67,63.95,24.13,25.48,60.82,39.44
2022-01-03,79.95,80.16,,25.48,26.87,28.7,26.28
2022-01-04,86.02,89.12,78.9,25.46,26.62,47.17,28.71
2022-01-05,91.14,94.01,82.99,26.17,27.31,50.27,29.75
2022-01-06,95.69,97.25,85.93,26.57,27.86,51.12,30.24
2022-01-07,85.22,86.09,78.31,26.16,27.55,47.64,29.41
2022-01-10,84.5,84.8,76.83,25.95,27.41,47.47,29.35
2022-01-11,84.08,79.66,71.17,26.15,27.65,45.78,29.59
2022-01-12,75.52,74.45,63.99,26.77,28.15,43.45,29.78
2022-01-13,82.87,84.73,63.43,26.84,28.45,43.05,29.78
2022-01-14,85.37,85.16,66.23,26.72,28.46,43.77,29.74
2022-01-17,76.16,77.21,63.17,26.68,28.28,42.98,29.59
2022-01-18,79.04,79.17,64.04,26.77,28.36,43.31,29.65
2022-01-19,74.06,74.55,60.79,26.74,28.22,42.28,29.52
2022-01-20,75.7,75.8,64.3,26.96,28.34,43.8,29.81
2022-01-21,80.32,79.14,68.66,27.12,28.22,45.09,30.03
2022-01-24,93.19,92.38,80.39,28.14,29.17,48.63,31.05
2022-01-25,93.04,92.69,82.2,28.56,29.47,49.84,31.5
2022-01-26,91.42,91.59,84.44,29.23,30.2,51.57,32.4
2022-01-27,91.46,91.6,86.7,29.83,30.71,53.14,33.11
2022-01-28,91.81,92.03,87.24,31.19,32.12,55.84,34.95
2022-01-31,83.99,84.76,80.48,31.07,31.87,54.44,34.94
2022-02-01,75.71,75.91,72.12,30.45,31.29,50.24,33.81
2022-02-02,76.52,77.47,74.23,30.7,31.62,51.27,34.09
2022-02-03,78.42,80.26,77.36,30.85,31.75,52.34,34.4
2022-02-04,80.96,81.63,80.08,32.27,33.0,54.39,35.81
2022-02-07,78.17,78.55,77.2,32.49,33.31,53.18,35.97
2022-02-08,76.0,76.46,74.98,32.34,33.3,52.01,35.57
2022-02-09,75.3,75.03,72.89,32.22,33.35,51.86,35.74
2022-02-10,73.57,73.93,72.74,33.06,34.16,51.8,36.37
2022-02-11,75.52,75.95,75.71,34.46,35.46,53.83,37.68
2022-02-14,79.97,80.59,78.44,35.02,36.0,55.48,38.5
2022-02-15,68.29,72.31,68.12,33.96,34.93,50.74,37.05
2022-02-16,68.77,69.62,68.61,33.08,34.32,50.51,36.44
2022-02-17,73.3,74.21,73.5,32.92,34.12,51.97,36.18
2022-02-18,73.35,72.96,72.14,32.34,33.56,51.62,35.85
2022-02-21,71.64,72.23,71.03,32.41,33.68,51.34,35.9
2022-02-22,79.67,79.64,78.62,34.6,35.9,56.77,38.7
2022-02-23,89.14,86.57,87.92,38.32,39.39,63.29,43.18
2022-02-24,121.27,135.16,122.04,42.74,43.37,70.77,45.79
2022-02-25,90.47,93.46,90.33,37.89,38.7,59.82,40.94
2022-02-28,99.9,98.05,95.84,36.44,36.98,60.92,40.04
2022-03-01,118.67,122.29,120.71,38.5,38.96,69.42,42.2
2022-03-02,172.42,169.27,167.95,40.93,40.85,82.65,45.23
2022-03-03,152.88,154.41,149.27,44.42,44.46,73.78,48.01
2022-03-04,196.64,198.78,188.77,46.75,45.55,76.9,50.0
2022-03-07,221.52,221.35,210.25,49.66,45.11,82.02,52.24
2022-03-08,209.58,212.53,206.19,47.95,44.61,81.72,50.92
2022-03-09,149.66,151.94,150.9,44.58,42.14,75.04,47.66
2022-03-10,127.77,126.2,125.53,43.27,41.56,68.84,46.39
2022-03-11,130.51,131.61,130.54,42.81,40.33,72.53,45.87
2022-03-14,109.74,112.84,112.72,41.12,38.7,65.07,44.11
2022-03-15,112.57,113.72,113.45,41.53,39.03,65.37,44.3
2022-03-16,97.35,103.81,102.3,39.24,37.45,60.56,42.25
2022-03-17,102.24,105.04,104.74,39.8,38.58,63.0,43.08
2022-03-18,99.16,103.07,103.07,40.82,39.15,63.54,43.9
2022-03-21,92.39,95.65,96.02,42.03,40.43,63.26,44.7
2022-03-22,96.56,98.87,99.03,42.72,41.0,65.37,45.41
2022-03-23,110.89,115.0,115.71,45.68,43.73,71.81,48.4
2022-03-24,102.39,109.3,109.56,46.07,43.78,70.7,48.87
2022-03-25,98.75,100.13,100.87,45.77,43.52,67.6,48.33
2022-03-28,102.19,105.77,104.42,45.47,43.02,68.11,47.68
2022-03-29,108.01,107.19,107.93,44.84,42.69,68.14,46.91
2022-03-30,116.1,117.71,118.75,44.89,43.16,70.66,47.01
2022-03-31,124.84,123.95,123.76,44.85,43.31,72.63,47.27
2022-04-01,111.31,112.58,110.98,44.47,42.75,68.81,46.78
2022-04-04,110.03,109.09,108.68,46.43,44.9,69.87,48.7
2022-04-05,108.31,107.28,107.88,48.28,46.85,73.13,51.34
2022-04-06,106.92,107.05,107.69,50.03,48.32,75.74,53.25
2022-04-07,102.98,104.43,104.95,50.41,48.65,74.91,53.5
2022-04-08,103.87,102.94,103.79,51.22,49.48,76.36,54.66
2022-04-11,100.98,100.82,100.85,53.39,51.56,78.13,56.53
2022-04-12,103.69,102.61,103.08,55.17,52.83,80.51,58.82
2022-04-13,104.9,104.66,104.85,59.08,56.56,83.28,62.46
2022-04-14,94.46,91.81,92.87,57.3,55.28,76.84,60.22
2022-04-15,87.0,,,,,60.17,
2022-04-18,87.0,92.8,,,,60.17,53.82
2022-04-19,91.66,94.38,93.56,57.63,55.42,77.98,60.54
2022-04-20,94.02,95.99,93.34,61.07,58.55,79.53,63.78
2022-04-21,96.82,98.92,100.2,65.28,62.47,84.52,67.84
2022-04-22,91.81,95.91,94.86,64.17,61.62,81.97,66.82
2022-04-25,95.31,92.99,92.75,63.79,61.3,80.25,66.21
2022-04-26,95.58,100.7,99.68,60.5,57.91,78.91,62.42
2022-04-27,107.06,107.96,106.15,59.65,57.5,81.24,62.01
2022-04-28,99.13,99.95,99.01,58.41,56.37,79.12,61.27
2022-04-29,95.5,98.72,98.3,59.39,57.64,78.39,62.14
2022-05-02,95.96,97.58,,57.67,55.89,60.0,54.38
2022-05-03,96.71,98.84,98.65,60.18,58.69,77.7,62.54
2022-05-04,101.9,103.91,104.05,62.57,60.85,83.36,65.34
2022-05-05,99.02,106.8,106.95,64.48,62.2,85.47,67.44
2022-05-06,89.78,101.0,101.59,64.23,61.82,83.1,66.82
2022-05-09,87.0,93.69,94.75,59.05,57.18,77.9,62.0
2022-05-10,82.98,97.39,97.88,59.02,56.67,78.22,61.52
2022-05-11,82.96,93.86,96.6,59.05,55.99,79.52,61.64
2022-05-12,92.63,105.85,108.13,59.85,56.41,83.72,62.6
2022-05-13,92.25,98.34,99.64,57.62,54.65,79.11,60.66
2022-05-16,91.9,92.88,95.49,57.33,54.31,77.9,59.93
2022-05-17,92.7,94.29,99.17,57.5,54.51,79.63,60.32
2022-05-18,91.15,93.57,98.01,56.09,52.7,76.69,58.19
2022-05-19,87.39,90.44,93.92,55.5,52.26,76.06,58.27
2022-05-20,85.58,87.55,90.68,55.93,52.56,75.92,58.69
2022-05-23,79.4,83.64,87.52,55.02,52.08,73.96,57.75
2022-05-24,79.44,85.0,89.06,55.12,52.64,75.16,57.92
2022-05-25,81.31,87.81,92.56,56.36,54.0,76.79,59.18
2022-05-26,82.05,85.94,90.57,56.53,54.03,76.99,59.34
2022-05-27,81.94,86.69,92.46,56.84,54.07,79.0,59.86
2022-05-30,87.43,87.37,91.88,56.73,53.91,79.34,59.68
2022-05-31,86.37,90.5,94.3,58.9,55.74,81.74,62.04
2022-06-01,76.3,83.7,86.49,58.64,55.69,79.69,61.58
2022-06-02,79.0,84.22,86.72,59.88,57.16,63.03,56.1
2022-06-03,78.5,83.3,86.67,60.8,58.05,63.63,56.86
2022-06-06,78.8,82.0,84.2,60.83,58.08,81.37,63.7
2022-06-07,78.6,79.95,81.93,60.22,57.48,80.63,63.45
2022-06-08,76.98,79.1,81.19,60.62,58.24,79.64,63.5
2022-06-09,82.41,84.76,86.54,59.76,57.3,80.27,62.87
2022-06-10,80.84,82.66,84.66,59.46,56.98,80.04,62.59
2022-06-13,80.9,83.8,85.0,59.64,57.33,80.31,62.64
2022-06-14,93.31,96.97,97.95,60.74,59.16,83.91,63.77
2022-06-15,115.6,117.17,116.87,63.15,60.0,90.08,66.14
2022-06-16,117.36,121.81,122.53,61.48,58.22,89.66,64.29
2022-06-17,114.29,120.87,118.42,58.38,55.6,86.55,61.77
2022-06-20,119.37,122.01,122.21,58.17,54.96,88.56,61.31
2022-06-21,123.49,125.64,126.2,59.8,56.11,91.96,63.59
2022-06-22,126.8,126.74,128.31,61.71,57.35,94.78,65.46
2022-06-23,128.13,134.55,133.64,61.38,56.98,99.35,65.66
2022-06-24,127.05,129.1,130.13,57.81,53.48,97.08,62.78
2022-06-27,129.01,129.65,130.61,57.77,53.74,97.46,62.43
2022-06-28,129.86,129.21,130.96,58.05,54.58,98.49,63.21
2022-06-29,140.2,138.17,140.08,62.1,58.63,104.5,67.17
2022-06-30,147.04,145.51,147.01,62.59,59.35,106.94,67.74
2022-07-01,147.78,147.39,152.5,63.27,60.08,108.57,68.87
2022-07-04,162.56,162.37,165.3,69.54,65.98,119.44,75.6
2022-07-05,170.41,169.29,166.08,70.54,67.27,119.54,75.54
2022-07-06,167.29,172.5,174.35,73.34,70.22,133.05,82.5
2022-07-07,185.11,181.44,187.64,81.18,77.4,147.17,90.95
2022-07-08,169.65,172.41,175.46,77.86,75.02,138.3,85.34
2022-07-11,165.04,166.86,168.86,78.38,75.21,137.5,85.86
2022-07-12,174.16,173.8,179.0,80.71,77.62,142.97,88.36
2022-07-13,182.51,181.43,185.78,81.15,77.93,146.51,89.11
2022-07-14,175.02,176.9,179.79,78.11,75.13,141.13,85.95
2022-07-15,154.03,159.78,164.6,74.71,71.82,130.01,81.5
2022-07-18,156.85,158.23,163.68,73.44,70.32,130.02,80.42
2022-07-19,151.58,158.28,161.62,72.42,69.43,127.84,79.56
2022-07-20,154.8,158.27,162.82,71.97,69.18,131.37,80.28
2022-07-21,153.01,154.05,160.12,71.97,68.98,129.23,80.16
2022-07-22,161.34,160.31,164.56,73.43,70.42,133.32,82.24
2022-07-25,171.82,176.68,179.29,75.65,72.63,140.38,84.48
2022-07-26,199.38,198.12,203.02,82.6,78.71,154.34,91.05
2022-07-27,207.71,204.86,206.11,81.59,78.82,150.77,89.67
2022-07-28,199.51,202.46,200.17,80.61,77.83,150.67,90.15
2022-07-29,191.81,192.23,192.65,82.83,80.12,150.58,92.68
2022-08-01,199.05,200.15,201.78,87.99,84.13,157.86,97.16
2022-08-02,202.14,206.59,204.81,90.19,86.35,161.63,99.57
2022-08-03,197.44,199.05,199.52,90.58,86.37,162.11,100.14
2022-08-04,200.44,199.27,200.09,91.87,86.2,164.9,102.15
2022-08-05,193.98,195.28,197.33,93.93,87.62,163.93,103.38
2022-08-08,191.83,192.53,194.45,93.03,87.59,163.83,103.46
2022-08-09,190.81,193.59,195.82,98.01,91.9,168.73,108.75
2022-08-10,203.47,204.68,209.74,107.98,102.02,181.89,119.47
2022-08-11,206.32,208.06,213.84,114.34,109.06,192.74,128.23
2022-08-12,202.46,206.25,212.06,116.14,111.34,190.84,128.26
2022-08-15,219.2,224.3,226.72,120.22,115.53,202.32,132.91
2022-08-16,225.09,223.96,230.98,123.57,119.04,206.51,138.23
2022-08-17,224.72,225.42,232.07,125.3,120.36,210.78,141.19
2022-08-18,237.82,241.0,245.62,136.77,130.26,224.51,153.34
2022-08-19,245.39,250.28,251.55,150.46,144.03,235.78,166.42
2022-08-22,276.0,277.37,287.11,169.26,162.04,261.58,188.08
2022-08-23,268.08,264.52,273.06,159.22,152.27,244.25,172.32
2022-08-24,292.56,296.08,298.93,163.39,156.29,267.06,180.02
2022-08-25,309.98,316.21,323.71,171.39,163.62,287.4,191.84
2022-08-26,305.0,322.6,344.32,177.16,171.08,305.23,199.18
2022-08-29,272.98,269.8,300.5,154.23,148.76,174.18,140.05
2022-08-30,251.66,251.97,269.12,132.6,127.87,228.15,145.68
2022-08-31,230.98,250.45,240.18,109.39,104.8,190.33,120.72
2022-09-01,230.08,238.5,249.77,107.1,102.82,199.21,119.97
2022-09-02,185.29,211.83,216.79,94.96,91.25,178.78,107.01
2022-09-05,217.51,245.71,254.18,108.93,102.7,210.36,125.11
2022-09-06,225.44,238.92,244.78,115.82,109.91,209.59,129.09
2022-09-07,208.7,211.69,218.32,112.37,108.35,198.64,128.11
2022-09-08,209.9,220.27,224.46,118.39,113.91,202.32,131.95
2022-09-09,191.22,204.79,213.1,110.84,107.23,189.89,124.27
2022-09-12,186.66,190.54,197.81,104.54,101.69,177.34,117.32
2022-09-13,196.12,196.56,206.87,99.6,97.11,183.99,114.74
2022-09-14,212.69,216.94,227.42,99.77,95.81,203.6,117.36
2022-09-15,201.21,213.22,221.12,103.24,98.14,202.25,120.85
2022-09-16,163.45,187.65,200.46,95.54,91.19,179.95,109.7
2022-09-19,163.94,178.88,192.24,95.83,91.1,174.84,109.02
2022-09-20,176.54,195.13,205.07,96.43,92.04,188.99,113.19
2022-09-21,175.17,186.14,198.13,97.55,93.68,180.49,110.86
2022-09-22,170.98,187.23,200.05,101.45,97.26,185.73,116.17
2022-09-23,168.34,183.2,196.46,99.12,95.99,182.37,113.58
2022-09-26,168.82,173.67,188.0,100.78,96.98,179.99,115.64
2022-09-27,205.52,185.05,209.8,112.21,108.25,208.15,140.4
2022-09-28,200.07,203.84,217.73,111.32,107.49,206.23,128.72
2022-09-29,179.11,185.96,199.2,107.83,104.5,190.15,122.66
2022-09-30,161.39,177.4,189.26,104.33,101.71,181.21,119.54
2022-10-03,130.07,169.51,178.43,97.0,94.83,167.26,110.3
2022-10-04,87.45,163.48,171.82,97.91,96.05,162.82,110.59
2022-10-05,94.77,174.6,187.51,103.82,101.63,178.14,118.16
2022-10-06,124.52,173.61,184.78,106.15,104.45,175.31,120.38
2022-10-07,100.69,155.6,170.37,103.23,101.86,165.81,116.54
2022-10-10,104.69,155.81,175.43,108.6,107.74,172.45,122.33
2022-10-11,100.29,158.27,175.44,111.98,110.35,169.63,122.66
2022-10-12,101.97,159.1,176.76,111.66,109.9,167.61,122.62
2022-10-13,87.28,153.65,170.94,108.5,106.39,159.43,117.77
2022-10-14,65.87,141.87,162.02,106.31,104.37,155.39,115.77
2022-10-17,61.0,128.99,157.91,104.62,103.42,150.87,113.49
2022-10-18,68.45,112.21,146.85,97.96,96.84,142.12,106.08
2022-10-19,65.75,116.26,142.61,98.43,97.9,140.28,106.87
2022-10-20,61.06,125.5,156.57,105.14,104.14,152.18,113.06
2022-10-21,44.88,114.24,151.57,100.77,100.26,149.04,110.97
2022-10-24,28.59,97.08,143.92,98.4,98.02,138.98,106.6
2022-10-25,39.44,100.0,141.8,97.26,96.79,138.4,105.76
2022-10-26,41.65,102.04,140.69,94.19,93.3,137.44,102.95
2022-10-27,31.53,106.94,142.21,95.63,94.44,139.27,104.19
2022-10-28,34.19,110.87,145.2,99.24,97.82,142.78,107.81
2022-10-31,29.74,101.68,130.78,94.99,93.58,129.36,101.98
2022-11-01,21.5,116.47,124.0,92.49,91.78,122.22,96.93
2022-11-02,45.66,129.93,135.14,95.91,95.03,134.47,104.75
2022-11-03,72.94,127.72,133.18,93.41,93.05,130.25,100.13
2022-11-04,57.82,117.89,125.1,91.57,90.69,124.05,98.02
2022-11-07,58.08,110.74,121.97,91.39,91.06,122.86,98.92
2022-11-08,90.9,117.32,126.5,94.18,93.35,125.03,100.56
2022-11-09,92.61,111.82,121.7,92.14,90.35,120.85,97.8
2022-11-10,81.39,113.23,119.78,92.32,90.48,118.14,96.77
2022-11-11,68.02,98.33,107.16,85.2,83.71,107.91,88.74
2022-11-14,108.95,114.25,122.07,91.88,89.28,121.7,98.09
2022-11-15,115.77,123.8,130.96,96.41,93.94,128.71,102.48
2022-11-16,101.14,114.95,120.32,91.78,89.32,117.83,95.53
2022-11-17,103.4,112.53,123.02,92.6,89.73,124.69,99.67
2022-11-18,107.44,112.15,121.65,91.9,89.74,119.41,97.46
2022-11-21,111.93,115.36,122.93,91.18,88.8,122.67,97.98
2022-11-22,118.85,122.07,129.85,92.5,89.83,130.93,100.89
2022-11-23,125.49,128.81,136.94,93.6,90.11,135.97,102.16
2022-11-24,118.42,123.07,130.01,90.94,87.42,129.44,99.14
2022-11-25,125.74,124.78,131.05,91.27,88.43,132.11,99.82
2022-11-28,125.04,123.14,128.72,90.48,86.75,129.37,98.04
2022-11-29,131.55,131.64,135.59,90.99,87.15,134.38,99.14
2022-11-30,139.45,143.85,146.69,96.62,92.49,146.12,106.39
2022-12-01,136.05,143.63,139.52,95.8,92.38,139.34,104.36
2022-12-02,133.14,136.28,137.38,95.75,91.59,139.29,104.74
2022-12-05,134.04,134.85,135.88,96.97,93.56,137.6,105.19
2022-12-06,139.59,139.74,139.46,97.94,94.52,140.5,106.49
2022-12-07,148.36,149.12,149.5,99.51,95.74,149.27,109.26
2022-12-08,136.89,138.41,137.54,97.86,94.47,136.8,105.46
2022-12-09,141.71,137.31,141.58,99.42,95.83,143.26,109.18
2022-12-12,137.32,136.37,136.87,98.39,95.42,137.81,106.48
2022-12-13,138.2,137.61,138.22,98.94,95.53,138.22,107.28
2022-12-14,132.71,131.63,132.15,97.32,94.03,131.86,104.94
2022-12-15,135.07,134.63,135.23,97.62,94.67,134.38,105.33
2022-12-16,117.92,116.48,117.52,88.59,85.74,119.13,95.31
2022-12-19,106.54,107.77,108.67,84.6,82.09,108.9,89.84
2022-12-20,104.81,105.84,107.24,83.33,80.56,109.24,89.08
2022-12-21,94.49,97.63,99.08,80.91,78.58,100.57,85.24
2022-12-22,89.22,91.54,92.93,80.05,77.26,94.96,83.72
2022-12-23,82.9,82.94,85.18,78.75,76.44,88.63,81.3
2022-12-26,82.9,,,,,81.75,
2022-12-27,77.7,80.25,83.32,77.4,75.11,79.11,70.46
2022-12-28,77.92,82.53,83.84,78.15,76.29,87.62,81.26
2022-12-29,79.41,83.66,85.16,79.03,77.06,88.12,81.99
2022-12-30,74.65,75.16,77.9,73.01,72.91,81.34,77.32
2023-01-02,76.4,80.12,84.53,74.95,75.19,63.83,51.31
2023-01-03,70.05,72.43,75.36,71.92,71.74,74.03,58.96
2023-01-04,62.65,65.01,67.64,67.08,67.33,69.62,57.51
2023-01-05,66.68,70.51,73.4,69.95,69.91,72.26,58.34
2023-01-06,65.98,68.62,72.18,68.75,68.49,71.17,57.39
2023-01-09,72.35,74.65,76.87,71.71,70.98,75.09,59.12
2023-01-10,67.23,70.04,72.27,69.41,68.65,71.53,57.58
2023-01-11,62.71,65.57,68.44,67.47,67.01,70.14,56.61
2023-01-12,64.7,67.08,69.54,65.73,65.58,69.28,56.22
2023-01-13,63.09,64.86,65.5,62.86,62.8,65.0,53.9
2023-01-16,55.46,55.98,57.17,56.67,57.34,59.36,49.82
2023-01-17,59.72,57.33,61.19,59.07,59.16,61.64,49.97
2023-01-18,62.11,61.48,63.38,62.04,62.06,64.85,51.19
2023-01-19,61.21,59.66,62.61,62.32,62.41,65.09,51.26
2023-01-20,68.48,65.35,68.61,66.81,66.46,70.48,53.38
2023-01-23,65.82,66.45,66.39,66.52,66.2,67.71,51.39
2023-01-24,59.72,58.6,59.76,60.5,60.88,62.78,49.56
2023-01-25,57.25,56.23,57.82,58.05,58.92,60.55,48.56
2023-01-26,56.38,55.51,55.93,58.53,59.48,60.37,49.58
2023-01-27,54.91,54.84,56.28,59.29,60.12,61.74,50.44
2023-01-30,56.04,55.08,56.51,59.94,61.15,62.46,50.99
2023-01-31,57.97,57.29,58.51,61.34,62.36,63.41,51.61
2023-02-01,59.92,59.41,60.53,62.79,64.16,64.86,52.4
2023-02-02,56.67,56.84,58.14,61.8,63.32,63.25,51.9
2023-02-03,59.65,58.32,59.53,62.51,64.33,64.66,52.73
2023-02-06,59.34,57.95,59.4,62.02,63.61,64.14,52.46
2023-02-07,55.57,55.0,56.41,60.25,61.93,62.08,51.49
2023-02-08,54.75,53.82,55.18,58.92,60.71,60.81,50.65
2023-02-09,53.88,52.87,54.26,57.92,59.59,60.02,49.9
2023-02-10,55.08,53.83,54.93,58.07,59.89,60.26,49.98
2023-02-13,52.76,51.68,52.58,56.53,58.62,58.61,49.25
2023-02-14,53.24,52.54,53.04,56.76,58.87,59.11,49.56
2023-02-15,54.63,54.46,54.72,57.41,59.16,59.37,49.55
2023-02-16,51.63,51.81,52.55,56.49,58.22,58.36,49.17
2023-02-17,48.68,48.67,49.66,54.57,56.52,55.89,47.51
2023-02-20,50.51,50.69,49.81,53.85,55.75,55.44,46.85
2023-02-21,49.08,48.9,48.98,52.99,54.88,55.08,46.55
2023-02-22,50.66,50.42,50.0,53.52,55.3,55.18,46.73
2023-02-23,50.26,50.74,50.69,54.49,56.13,56.26,47.72
2023-02-24,52.37,50.92,50.9,54.85,56.36,56.5,47.86
2023-02-27,48.17,47.25,47.67,52.51,54.14,54.0,46.22
2023-02-28,47.54,46.82,46.79,51.85,53.53,53.19,45.8
2023-03-01,48.66,47.47,47.65,51.44,53.12,53.61,45.5
2023-03-02,48.12,47.16,46.99,50.86,52.47,52.69,44.74
2023-03-03,46.58,45.19,45.19,49.32,51.02,51.2,43.67
2023-03-06,43.62,42.4,42.66,47.36,49.38,49.35,42.2
2023-03-07,44.85,42.88,43.73,48.14,49.97,50.11,42.28
2023-03-08,43.14,42.96,42.43,47.54,49.37,48.76,41.51
2023-03-09,43.88,42.37,44.81,48.98,51.03,52.07,43.64
2023-03-10,52.05,49.58,52.8,55.43,57.03,57.65,46.54
2023-03-13,49.31,49.19,49.54,53.41,55.0,54.69,45.23
2023-03-14,45.53,44.49,44.86,49.09,50.87,51.24,42.82
2023-03-15,43.86,43.25,43.23,47.89,49.63,49.49,41.54
2023-03-16,43.69,44.47,45.06,49.66,51.42,51.79,42.64
2023-03-17,42.82,43.13,42.89,48.59,50.52,49.66,41.62
2023-03-20,39.66,39.91,39.57,46.02,48.1,47.36,40.12
2023-03-21,41.01,41.88,42.25,48.67,50.59,49.75,41.21
2023-03-22,39.52,39.94,40.37,47.42,49.48,48.89,41.14
2023-03-23,42.74,42.01,43.41,49.85,51.69,51.31,42.39
2023-03-24,41.98,42.12,41.39,48.48,50.28,49.76,41.67
2023-03-27,43.27,42.01,42.38,48.98,50.84,50.06,42.06
2023-03-28,42.35,42.83,42.91,49.86,51.6,51.22,42.98
2023-03-29,42.6,42.9,42.79,49.1,51.02,50.94,43.03
2023-03-30,43.05,43.59,43.59,50.97,53.01,52.59,44.5
2023-03-31,47.54,47.42,47.98,54.93,56.99,56.02,47.68
2023-04-03,52.03,49.93,52.46,59.48,61.24,60.84,50.61
2023-04-04,47.34,46.02,48.03,56.33,58.37,57.5,47.92
2023-04-05,45.44,45.39,46.26,53.54,55.48,55.38,47.07
2023-04-06,43.59,43.19,44.49,52.44,54.65,54.19,46.3
2023-04-07,43.0,,,,,46.2,
2023-04-10,43.0,43.19,44.69,,,56.29,41.0
2023-04-11,44.29,43.55,45.79,54.9,57.2,56.81,48.15
2023-04-12,43.8,42.89,45.02,55.69,57.81,57.5,48.84
2023-04-13,42.96,41.97,43.91,54.72,56.94,56.28,47.81
2023-04-14,41.62,41.1,43.03,54.16,56.44,55.65,47.56
2023-04-17,42.06,41.14,43.12,54.26,56.49,55.89,47.98
2023-04-18,42.8,42.86,44.39,54.99,57.25,56.56,48.5
2023-04-19,40.11,41.67,41.9,53.14,55.23,54.34,47.04
2023-04-20,41.26,40.63,42.46,53.24,55.29,54.75,47.58
2023-04-21,40.36,40.46,42.38,52.66,54.69,54.51,47.3
2023-04-24,39.84,39.87,41.54,52.05,54.08,53.58,46.66
2023-04-25,40.06,39.67,41.51,52.99,55.14,54.45,47.55
2023-04-26,38.94,38.58,40.23,53.19,55.53,55.05,48.16
2023-04-27,39.14,38.92,40.87,55.47,57.74,57.2,49.87
2023-04-28,38.11,38.32,40.31,54.9,57.35,56.5,49.38
2023-05-01,38.74,38.47,41.15,,,57.12,44.73
2023-05-02,37.62,37.94,39.25,54.09,56.58,55.76,48.16
2023-05-03,36.45,36.8,38.41,53.26,55.85,55.13,47.84
2023-05-04,35.47,35.98,37.4,52.49,54.98,54.19,47.14
2023-05-05,36.23,36.15,38.31,52.8,55.45,54.61,47.61
2023-05-08,36.6,36.3,37.84,53.43,56.06,54.56,43.48
2023-05-09,35.83,36.28,38.02,54.1,56.91,56.02,49.02
2023-05-10,35.24,34.84,36.82,53.91,56.8,55.59,48.3
2023-05-11,34.1,35.12,36.94,54.15,57.09,55.94,48.54
2023-05-12,32.57,33.33,34.49,52.45,55.61,53.97,47.58
2023-05-15,31.39,32.66,33.76,49.43,53.14,50.89,46.33
2023-05-16,31.72,31.91,33.43,47.92,51.63,49.58,45.66
2023-05-17,31.37,32.23,33.56,49.42,52.84,51.1,46.45
2023-05-18,29.54,29.89,31.65,48.08,51.73,49.91,45.5
2023-05-19,28.86,30.34,31.87,48.62,52.12,50.38,44.96
2023-05-22,28.33,29.54,31.56,48.67,52.32,50.12,44.68
2023-05-23,28.95,29.16,31.39,49.1,52.73,50.71,45.54
2023-05-24,27.72,27.79,30.38,48.64,52.27,50.34,45.29
2023-05-25,25.0,25.33,28.02,45.23,49.18,46.8,42.88
2023-05-26,23.79,24.54,27.02,43.07,47.39,44.79,41.46
2023-05-29,24.85,24.71,26.71,42.65,46.98,44.45,37.43
2023-05-30,25.28,24.58,27.29,42.7,46.58,44.33,41.54
2023-05-31,25.89,26.5,28.1,43.17,47.11,44.49,41.72
2023-06-01,23.55,23.6,25.11,41.75,45.76,43.19,40.57
2023-06-02,23.45,23.53,25.54,41.62,45.71,43.09,40.62
2023-06-05,28.68,28.85,29.93,43.68,47.66,45.34,42.58
2023-06-06,25.41,25.18,26.41,41.13,45.22,42.82,41.14
2023-06-07,25.86,25.79,27.67,41.52,45.43,43.13,41.71
2023-06-08,26.83,26.97,28.28,42.34,46.25,43.96,42.07
2023-06-09,31.78,30.22,33.69,45.78,49.27,47.9,43.92
2023-06-12,29.8,30.63,32.02,45.74,49.27,47.22,43.37
2023-06-13,35.65,36.09,36.8,48.6,51.82,50.38,44.86
2023-06-14,38.2,38.63,38.89,51.8,54.57,53.39,46.52
2023-06-15,40.95,41.62,41.56,53.32,55.88,54.47,46.71
2023-06-16,33.75,33.88,34.82,49.09,52.03,49.57,43.51
2023-06-19,35.53,33.6,35.63,49.8,52.41,51.47,45.08
2023-06-20,37.99,37.53,38.81,51.88,54.3,53.04,45.28
2023-06-21,37.54,37.17,37.75,51.59,53.98,53.46,44.66
2023-06-22,34.19,35.65,34.89,50.54,52.85,52.1,43.8
2023-06-23,32.48,32.63,33.61,49.63,51.83,51.24,42.76
2023-06-26,32.65,32.21,32.85,48.85,50.78,50.11,41.88
2023-06-27,34.86,34.75,35.22,49.96,51.67,51.48,43.18
2023-06-28,34.6,33.94,34.52,48.91,50.82,50.0,42.19
2023-06-29,34.45,34.24,35.39,49.99,51.79,51.01,43.2
2023-06-30,36.86,36.29,43.45,51.43,53.29,52.99,44.52
2023-07-03,34.98,34.99,46.76,49.32,51.72,50.66,43.46
2023-07-04,34.4,34.73,48.46,50.98,53.33,52.46,44.52
2023-07-05,34.42,35.05,48.25,51.47,54.06,52.9,45.82
2023-07-06,31.99,32.42,47.45,51.65,54.47,53.17,45.87
2023-07-07,32.78,33.41,48.79,53.36,56.1,54.65,46.9
2023-07-10,30.54,29.94,45.22,49.94,52.86,50.88,43.53
2023-07-11,28.67,29.68,43.62,48.19,51.15,49.52,43.03
2023-07-12,27.26,27.44,41.55,46.63,49.81,48.2,42.53
2023-07-13,26.42,26.83,41.9,46.96,50.26,48.74,42.79
2023-07-14,25.39,26.65,41.73,46.98,50.38,48.19,42.8
2023-07-17,24.8,25.17,41.49,46.92,50.39,48.63,43.3
2023-07-18,26.99,26.24,43.86,49.43,52.62,51.06,45.21
2023-07-19,26.77,26.61,43.71,50.5,53.75,51.14,45.26
2023-07-20,27.27,28.26,45.07,51.79,55.16,53.35,47.06
2023-07-21,27.94,28.58,44.07,50.62,54.14,51.99,46.35
2023-07-24,29.87,29.68,45.52,51.78,55.05,52.96,47.18
2023-07-25,32.48,32.72,47.02,53.01,56.16,54.41,47.74
2023-07-26,30.6,30.36,44.34,50.91,54.22,52.37,46.48
2023-07-27,28.21,28.52,43.87,50.92,54.51,52.43,46.62
2023-07-28,25.63,25.67,41.22,48.74,52.55,50.16,45.38
2023-07-31,26.8,27.43,42.48,49.71,53.4,51.05,45.95
2023-08-01,26.12,27.33,41.35,48.3,51.98,49.62,45.04
2023-08-02,27.06,28.22,41.46,48.09,52.01,49.41,45.38
2023-08-03,29.27,30.14,42.15,48.48,52.38,49.96,45.86
2023-08-04,28.51,29.29,41.24,48.0,51.94,49.4,45.63
2023-08-07,29.51,30.47,42.39,48.73,52.64,50.44,46.07
2023-08-08,29.48,31.06,42.21,48.75,52.62,49.81,45.89
2023-08-09,37.84,40.76,47.92,51.49,54.72,52.37,46.84
2023-08-10,34.7,37.98,46.1,50.2,53.54,51.35,45.97
2023-08-11,31.64,35.64,46.04,50.38,53.78,51.91,46.49
2023-08-14,31.91,34.7,46.02,50.57,53.84,51.96,46.35
2023-08-15,36.26,39.33,50.67,54.07,56.88,55.6,48.23
2023-08-16,35.02,37.56,49.82,53.88,56.79,55.31,48.1
2023-08-17,33.35,37.01,49.37,53.34,56.48,54.81,47.72
2023-08-18,34.27,36.98,49.88,53.68,56.78,55.42,48.18
2023-08-21,39.5,40.39,52.47,55.41,58.11,56.67,48.24
2023-08-22,43.02,42.95,54.08,56.52,59.04,58.21,49.06
2023-08-23,36.59,36.64,49.35,53.65,56.74,55.15,47.59
2023-08-24,31.78,32.07,43.6,49.49,53.0,50.91,45.28
2023-08-25,35.73,34.99,45.6,50.95,54.47,52.59,46.63
2023-08-28,38.75,38.46,47.32,53.71,57.0,52.99,43.22
2023-08-29,35.25,35.12,45.79,51.74,55.23,53.15,47.24
2023-08-30,36.16,35.62,47.06,53.1,56.52,54.25,48.06
2023-08-31,31.7,33.8,43.88,51.3,54.92,52.56,47.37
2023-09-01,31.98,35.66,44.29,51.29,54.97,52.88,47.9
2023-09-04,31.01,33.64,42.56,50.51,54.21,51.84,47.22
2023-09-05,32.83,34.17,43.72,51.45,55.12,53.04,48.25
2023-09-06,30.48,30.96,40.73,49.35,53.25,50.8,47.0
2023-09-07,32.44,31.63,41.82,50.16,53.92,51.46,47.45
2023-09-08,34.43,34.5,42.84,49.83,53.69,51.32,47.54
2023-09-11,37.41,36.12,43.95,50.61,54.53,52.13,48.07
2023-09-12,35.71,34.94,42.94,50.22,54.1,51.64,47.74
2023-09-13,37.34,37.15,44.8,51.44,55.06,52.81,48.38
2023-09-14,35.37,35.39,43.36,50.57,54.38,51.8,47.72
2023-09-15,36.85,36.59,44.04,50.88,54.62,52.15,48.0
2023-09-18,34.33,34.25,41.89,49.35,53.29,50.34,46.7
2023-09-19,37.68,37.08,43.41,49.97,53.53,51.11,47.31
2023-09-20,38.11,37.32,42.71,48.76,52.67,49.89,46.38
2023-09-21,39.37,38.9,43.69,48.76,52.5,49.85,45.94
2023-09-22,40.57,39.95,44.23,48.73,52.46,49.94,46.2
2023-09-25,44.69,44.02,47.16,50.22,53.76,51.2,47.02
2023-09-26,40.04,39.99,43.56,47.63,51.53,48.71,45.32
2023-09-27,39.88,39.37,43.38,47.27,51.08,48.64,45.54
2023-09-28,39.72,39.68,42.93,46.4,50.23,47.52,44.86
2023-09-29,37.41,40.35,44.78,46.33,50.39,47.67,45.09
2023-10-02,32.53,39.07,45.99,44.92,49.32,45.99,44.16
2023-10-03,30.25,37.27,44.23,42.99,47.31,44.35,42.66
2023-10-04,32.91,38.15,45.16,43.99,48.23,45.18,43.36
2023-10-05,28.26,36.25,43.87,42.91,47.17,43.99,42.87
2023-10-06,32.91,38.23,45.14,44.06,48.34,45.18,43.39
2023-10-09,39.2,43.48,48.98,47.36,51.09,48.38,45.38
2023-10-10,45.25,49.35,53.54,51.27,54.49,52.52,47.6
2023-10-11,44.6,46.23,50.97,49.42,53.14,50.74,46.57
2023-10-12,48.65,53.15,56.29,54.0,56.89,55.2,48.52
2023-10-13,54.66,54.69,58.22,55.78,58.3,57.77,49.02
2023-10-16,47.64,48.53,54.13,52.22,55.14,53.46,46.78
2023-10-17,45.32,48.87,54.59,52.56,55.7,53.86,47.1
2023-10-18,47.74,50.12,56.74,54.62,57.34,55.81,47.85
2023-10-19,44.97,50.59,56.8,54.83,57.61,56.09,48.11
2023-10-20,46.0,50.72,57.21,55.27,57.79,56.14,47.71
2023-10-23,48.64,51.06,58.0,55.71,58.35,57.24,48.65
2023-10-24,48.02,49.06,54.54,52.74,55.7,53.59,46.82
2023-10-25,49.09,50.41,54.52,52.33,55.49,54.05,47.5
2023-10-26,48.11,50.6,54.83,52.62,55.8,53.82,47.42
2023-10-27,47.28,50.72,54.97,52.66,55.78,54.12,47.44
2023-10-30,48.12,50.27,54.48,52.4,55.47,53.19,46.87
2023-10-31,40.53,47.95,49.99,48.1,51.63,49.37,44.73
2023-11-01,36.69,47.28,50.34,48.44,51.97,50.22,45.24
2023-11-02,40.78,48.91,50.77,48.97,52.32,50.5,45.48
2023-11-03,40.58,47.9,50.01,48.57,52.02,49.52,45.09
2023-11-06,41.15,44.97,46.97,45.69,49.48,46.87,43.62
2023-11-07,42.73,46.32,48.06,46.51,50.24,47.92,44.2
2023-11-08,43.92,45.71,47.47,46.05,49.77,47.3,43.71
2023-11-09,43.09,48.13,50.24,48.44,51.62,50.02,45.43
2023-11-10,42.88,46.64,48.36,46.61,50.14,47.69,43.96
2023-11-13,41.14,47.74,49.31,47.56,50.93,48.58,44.46
2023-11-14,44.54,47.73,49.33,47.79,51.16,48.87,44.69
2023-11-15,45.92,46.77,48.52,47.17,50.62,48.1,44.46
2023-11-16,45.4,45.85,47.42,46.31,49.93,47.28,44.15
2023-11-17,44.95,45.03,46.56,45.51,49.15,46.5,43.74
2023-11-20,45.64,45.79,47.18,46.04,49.59,47.24,44.28
2023-11-21,43.77,43.88,44.99,44.42,48.31,44.91,43.04
2023-11-22,44.74,44.78,45.5,44.78,48.52,45.53,43.44
2023-11-23,46.24,46.72,47.63,46.4,49.8,47.24,44.23
2023-11-24,46.5,46.35,47.52,46.17,49.75,47.16,44.24
2023-11-27,44.28,44.09,44.94,,,44.86,42.97
2023-11-28,44.21,42.91,44.05,43.04,46.87,44.21,42.49
2023-11-29,41.5,40.1,41.28,40.61,44.73,41.38,40.42
2023-11-30,41.04,41.52,42.16,41.41,45.44,42.22,41.08
2023-12-01,43.7,43.75,43.86,42.91,46.76,44.1,42.42
2023-12-04,39.74,40.23,40.43,40.03,44.19,40.93,40.49
2023-12-05,38.04,38.14,38.39,37.86,42.21,38.75,38.8
2023-12-06,38.93,39.28,39.67,39.03,43.39,40.14,39.83
2023-12-07,39.81,40.21,40.11,39.46,43.68,40.34,39.8
2023-12-08,38.36,38.61,38.94,38.43,42.74,39.53,39.21
2023-12-11,35.73,36.31,36.44,36.29,40.82,37.26,37.72
2023-12-12,34.52,34.78,35.18,34.97,39.73,36.16,37.08
2023-12-13,34.99,35.76,35.98,35.84,40.72,36.76,37.65
2023-12-14,34.13,34.7,35.12,35.02,40.19,36.14,37.37
2023-12-15,31.5,33.17,33.49,33.56,38.97,34.65,36.58
2023-12-18,34.39,35.46,35.63,35.3,40.5,36.44,37.79
2023-12-19,31.85,33.0,33.04,33.04,38.32,34.33,36.07
2023-12-20,32.82,33.72,33.79,33.76,38.81,34.84,36.14
2023-12-21,33.14,34.4,34.45,34.12,39.0,35.4,36.47
2023-12-22,33.24,34.26,34.1,34.17,38.94,34.7,36.01
2023-12-25,33.25,,,,,36.24,
2023-12-26,33.25,34.26,34.35,,,35.88,34.29
2023-12-27,34.07,35.34,35.69,35.35,39.8,36.23,36.93
2023-12-28,31.67,33.13,33.43,33.44,38.28,34.43,35.78
2023-12-29,30.68,31.95,32.3,32.14,37.09,33.58,35.1
2024-01-01,30.5,,,,,34.85,
2024-01-02,28.85,30.37,30.25,30.41,35.41,33.25,30.19
2024-01-03,31.84,32.95,32.42,32.41,37.03,34.86,31.09
2024-01-04,32.8,33.6,32.92,33.07,37.44,34.91,31.07
2024-01-05,34.44,34.42,34.2,34.29,38.36,35.83,31.78
2024-01-08,31.45,31.57,31.47,31.58,35.98,33.96,30.66
2024-01-09,31.01,30.87,30.81,30.82,35.45,33.94,30.78
2024-01-10,31.11,31.02,30.88,31.0,35.54,33.89,30.64
2024-01-11,30.89,30.87,30.81,30.95,35.46,33.71,30.51
2024-01-12,31.89,31.8,31.7,31.89,36.28,34.27,30.98
2024-01-15,30.4,29.91,29.95,30.09,34.62,33.23,30.34
2024-01-16,30.04,29.54,29.6,29.8,34.33,32.72,29.97
2024-01-17,28.06,27.6,27.78,28.02,32.84,31.54,28.98
2024-01-18,28.66,27.95,28.31,28.47,33.4,32.22,29.62
2024-01-19,27.92,28.41,28.74,28.98,33.91,32.31,29.52
2024-01-22,27.01,27.48,28.08,28.26,33.35,31.95,29.16
2024-01-23,26.78,27.24,28.02,28.29,33.46,32.0,29.24
2024-01-24,28.71,28.86,29.45,29.78,34.73,33.02,30.03
2024-01-25,27.16,27.67,28.41,28.71,33.82,32.33,29.56
2024-01-26,28.02,28.08,28.69,28.96,33.91,32.44,29.63
2024-01-29,28.19,28.29,28.89,29.13,33.97,32.53,29.68
2024-01-30,29.71,29.17,29.99,30.21,34.63,32.96,29.86
2024-01-31,29.53,30.1,30.46,30.69,35.01,33.42,30.32
2024-02-01,28.57,28.92,29.61,29.89,34.47,33.19,30.29
2024-02-02,28.73,29.4,29.68,29.9,34.41,33.06,30.34
2024-02-05,27.76,28.22,28.61,28.87,33.34,32.03,29.58
2024-02-06,28.86,28.61,28.86,29.07,33.28,31.94,29.5
2024-02-07,28.57,28.14,28.46,28.65,32.7,31.4,29.16
2024-02-08,27.54,27.77,28.01,28.2,31.87,30.47,28.52
2024-02-09,26.81,26.98,27.24,27.51,30.92,29.51,27.74
2024-02-12,25.74,25.75,26.22,26.49,30.49,29.35,27.62
2024-02-13,25.36,25.44,25.84,26.07,30.01,29.02,27.66
2024-02-14,24.66,24.9,25.29,25.51,29.27,28.5,27.44
2024-02-15,24.54,24.98,25.36,25.58,29.5,28.54,27.46
2024-02-16,24.52,24.74,25.16,25.43,29.46,28.57,27.54
2024-02-19,23.46,23.65,24.05,24.34,28.68,27.88,26.94
2024-02-20,23.7,23.93,24.33,24.69,29.39,28.45,27.26
2024-02-21,23.89,23.94,24.14,24.44,29.18,28.51,27.39
2024-02-22,23.21,23.0,23.37,23.7,28.46,27.85,26.96
2024-02-23,23.3,23.19,23.39,23.59,28.06,27.61,26.7
2024-02-26,24.02,23.9,24.22,24.46,28.68,28.01,26.86
2024-02-27,24.78,24.4,24.74,24.98,29.27,28.77,27.55
2024-02-28,25.1,25.53,25.63,25.94,30.31,29.62,28.26
2024-02-29,24.88,24.91,25.07,25.35,29.86,29.41,28.16
2024-03-01,25.63,25.73,25.98,26.19,30.49,30.03,28.52
2024-03-04,27.15,26.79,26.96,27.21,31.17,30.6,28.87
2024-03-05,27.41,27.32,27.61,27.8,31.65,31.12,29.24
2024-03-06,26.05,26.39,26.59,26.88,30.98,30.41,28.78
2024-03-07,25.63,26.08,26.16,26.34,30.48,30.12,28.69
2024-03-08,26.47,26.5,26.51,26.67,30.71,30.19,28.67
2024-03-11,24.97,24.87,25.1,25.33,29.56,29.19,27.78
2024-03-12,24.96,24.89,24.94,25.18,29.24,28.82,27.46
2024-03-13,24.74,24.76,24.93,25.18,29.21,28.75,27.39
2024-03-14,25.39,26.17,26.08,26.31,30.16,29.68,28.01
2024-03-15,27.02,27.18,27.09,27.23,30.9,30.3,28.4
2024-03-18,28.6,28.92,28.74,28.87,32.33,31.28,29.07
2024-03-19,28.68,29.01,28.88,28.99,32.48,31.54,29.19
2024-03-20,27.52,27.6,27.73,27.86,31.52,30.82,28.61
2024-03-21,26.3,26.46,26.5,26.68,30.61,30.12,28.15
2024-03-22,27.46,27.46,27.58,27.81,31.68,30.91,28.8
2024-03-25,28.24,28.23,28.48,28.64,32.58,31.88,29.42
2024-03-26,27.07,27.34,27.31,27.5,31.66,31.28,29.07
2024-03-27,27.42,27.64,27.76,,32.13,31.74,29.4
2024-03-28,27.5,27.31,27.63,,31.87,31.34,29.0
2024-03-29,27.75,,,,,31.36,
2024-04-01,27.75,27.31,27.64,,,31.46,29.03
2024-04-02,26.4,26.2,26.94,,31.04,30.66,28.55
2024-04-03,25.82,25.68,26.38,,30.7,30.53,28.48
2024-04-04,25.98,26.15,26.91,,31.13,30.84,28.83
2024-04-05,26.3,26.7,27.37,,31.82,31.65,29.41
2024-04-08,27.64,27.79,28.58,,33.17,32.76,30.2
2024-04-09,27.43,27.33,28.09,,32.93,32.67,30.18
2024-04-10,27.26,27.22,27.98,,32.9,32.84,30.13
2024-04-11,29.27,29.01,30.22,,35.19,34.92,31.35
2024-04-12,30.13,30.62,31.39,,36.33,35.92,32.02
2024-04-15,31.31,31.25,31.93,,36.47,36.0,32.03
2024-04-16,34.0,33.21,33.83,,38.09,37.13,32.72
2024-04-17,31.78,31.39,31.91,,36.32,35.28,31.19
2024-04-18,32.66,32.4,32.83,,37.4,35.93,31.43
2024-04-19,31.15,30.75,31.28,,35.96,34.44,30.37
2024-04-22,29.79,29.26,29.91,,34.61,33.4,29.72
2024-04-23,29.1,28.47,29.16,,33.91,33.0,29.5
2024-04-24,29.89,29.06,29.8,,34.38,33.58,29.83
2024-04-25,30.41,29.87,30.4,,35.02,34.11,30.15
2024-04-26,28.91,29.07,29.53,,34.3,33.64,29.74
2024-04-29,27.73,28.07,28.67,,33.34,32.83,28.96
2024-04-30,28.82,29.1,29.83,,34.52,34.01,29.38
2024-05-01,28.47,28.69,29.29,,,33.52,29.05
2024-05-02,30.72,30.86,31.38,,36.09,35.42,30.09
2024-05-03,30.11,30.33,30.91,,35.62,34.81,29.42
2024-05-06,32.62,31.8,31.99,,36.71,35.77,29.84
2024-05-07,31.37,30.84,31.52,,36.15,35.52,29.81
2024-05-08,30.38,30.65,31.24,,35.95,35.4,29.67
2024-05-09,30.59,30.91,31.52,,36.3,35.75,30.04
2024-05-10,29.37,29.94,30.55,,35.57,34.95,29.71
2024-05-13,28.77,29.66,30.27,,35.32,34.97,29.75
2024-05-14,29.18,29.68,30.41,,35.65,35.37,30.18
2024-05-15,29.44,29.61,30.41,,35.64,35.15,30.18
2024-05-16,30.05,30.45,31.12,,36.25,35.97,30.91
2024-05-17,30.55,30.75,31.46,,36.51,35.86,30.88
2024-05-20,31.97,31.78,32.59,,37.51,36.8,31.32
2024-05-21,33.07,32.96,33.84,,38.71,37.78,31.82
2024-05-22,34.44,34.59,35.34,,39.97,38.86,32.53
2024-05-23,35.56,35.3,36.09,,40.53,39.16,32.97
2024-05-24,34.3,33.93,34.91,,39.38,38.14,32.24
2024-05-27,35.15,35.24,35.77,,40.42,38.53,33.05
2024-05-28,33.83,33.54,34.39,,38.97,37.82,32.34
2024-05-29,34.34,33.88,34.64,,39.32,38.06,32.57
2024-05-30,35.08,35.06,35.7,,40.08,38.54,32.85
2024-05-31,34.3,34.35,34.76,,39.01,37.61,32.17
2024-06-03,36.08,36.21,36.33,,40.09,38.25,32.42
2024-06-04,33.91,34.0,34.34,,38.29,36.8,31.54
2024-06-05,33.27,33.33,33.81,,37.67,36.1,31.16
2024-06-06,33.27,33.43,33.87,,37.64,36.0,31.18
2024-06-07,32.92,33.1,33.45,,37.35,35.91,31.24
2024-06-10,34.55,34.33,34.82,,38.65,37.2,32.01
2024-06-11,34.12,34.28,34.57,,38.35,36.51,31.84
2024-06-12,35.06,35.18,35.64,,39.22,37.22,32.24
2024-06-13,35.36,35.74,36.06,,39.57,37.49,32.48
2024-06-14,35.13,35.36,35.87,,39.47,37.47,32.47
2024-06-17,34.19,34.25,34.73,,38.43,36.8,32.14
2024-06-18,34.23,34.67,35.2,,38.95,37.32,32.5
2024-06-19,35.04,35.32,35.84,,39.77,38.08,33.08
2024-06-20,34.03,34.46,34.96,,39.28,37.78,33.13
2024-06-21,33.74,33.94,34.52,,38.75,37.44,32.8
2024-06-24,34.09,34.28,34.7,,38.93,37.6,32.83
2024-06-25,34.65,34.68,35.34,,39.5,37.96,32.99
2024-06-26,33.65,34.0,34.45,,38.65,37.52,32.57
2024-06-27,34.04,34.36,34.91,,39.13,37.76,32.9
2024-06-28,33.9,34.29,36.45,,39.12,37.99,33.14
2024-07-01,33.06,33.47,37.72,,38.56,37.6,32.89
2024-07-02,33.21,33.69,38.16,,39.06,38.16,33.36
2024-07-03,32.38,32.75,37.45,,38.39,37.77,33.21
2024-07-04,32.95,33.4,37.83,,38.72,38.17,33.57
2024-07-05,32.72,33.06,37.48,,38.36,37.72,33.33
2024-07-08,31.68,32.24,36.9,,37.81,37.3,32.98
2024-07-09,30.81,31.22,35.9,,36.84,36.34,32.41
2024-07-10,30.57,30.78,35.51,,36.43,36.05,32.36
2024-07-11,30.85,31.11,35.86,,36.8,36.41,32.55
2024-07-12,31.48,31.71,36.5,,37.41,37.03,33.0
2024-07-15,31.05,31.46,36.1,,37.0,36.58,32.66
2024-07-16,32.58,32.79,37.13,,37.96,37.46,33.08
2024-07-17,31.54,31.74,36.26,,37.14,36.65,32.58
2024-07-18,32.19,32.37,36.74,,37.63,37.1,32.93
2024-07-19,31.66,31.96,36.3,,37.36,36.68,32.77
2024-07-22,31.65,31.87,36.06,,36.95,36.54,32.58
2024-07-23,31.26,31.51,35.79,,36.73,36.3,32.39
2024-07-24,32.57,32.66,36.84,,37.73,37.43,33.2
2024-07-25,31.71,31.84,36.07,,37.02,36.9,32.88
2024-07-26,32.28,32.43,36.59,,37.48,37.32,33.09
2024-07-29,33.6,33.93,37.66,,38.47,38.22,33.73
2024-07-30,34.19,34.45,38.0,,38.78,38.58,33.82
2024-07-31,34.99,35.45,38.64,,39.41,39.14,34.2
2024-08-01,36.2,36.93,39.67,,40.39,39.83,34.78
2024-08-02,36.24,36.87,39.53,,40.21,39.76,34.64
2024-08-05,34.99,35.67,38.39,,39.08,38.71,33.97
2024-08-06,36.01,36.74,39.12,,39.74,39.09,34.32
2024-08-07,37.7,38.5,40.76,,41.32,40.56,35.28
2024-08-08,39.27,40.15,42.22,,42.65,41.56,35.94
2024-08-09,39.51,40.4,42.48,,43.01,41.69,36.01
2024-08-12,38.88,40.18,42.13,,42.66,41.59,35.48
2024-08-13,38.41,39.42,41.8,,42.45,41.42,35.26
2024-08-14,38.23,38.98,41.76,,42.42,41.78,35.48
2024-08-15,38.7,39.58,42.28,,42.94,42.18,35.74
2024-08-16,38.9,39.47,42.42,,43.1,42.3,35.84
2024-08-19,39.08,39.8,42.29,,42.98,42.2,35.5
2024-08-20,37.16,38.03,40.37,,41.06,40.75,34.54
2024-08-21,36.29,37.08,39.56,,40.25,40.08,34.36
2024-08-22,35.96,36.65,39.22,,39.94,39.84,34.46
2024-08-23,36.65,36.77,39.46,,40.22,40.12,34.63
2024-08-26,37.73,37.34,39.8,,40.83,39.93,34.98
2024-08-27,38.34,38.66,40.82,,41.53,40.92,35.21
2024-08-28,38.58,38.46,40.61,,41.3,40.86,35.1
2024-08-29,38.72,38.8,40.42,,41.07,40.64,35.12
2024-08-30,39.45,39.44,41.01,,41.63,40.91,35.17
2024-09-02,38.59,38.54,40.06,,40.76,40.26,34.83
2024-09-03,37.09,37.1,38.76,,39.53,39.22,33.88
2024-09-04,35.48,35.72,37.54,,38.38,38.23,33.23
2024-09-05,35.58,36.15,37.88,,38.72,38.51,33.44
2024-09-06,36.22,36.41,38.02,,38.82,38.5,33.35
2024-09-09,36.73,37.24,38.75,,39.46,38.93,33.39
2024-09-10,34.96,35.4,36.85,,37.65,37.42,32.56
2024-09-11,36.16,35.67,37.57,,38.25,37.83,33.0
2024-09-12,35.42,35.23,36.65,,37.31,36.94,32.45
2024-09-13,35.97,35.7,37.0,,37.62,37.28,32.76
